,topic1,topic2,topic3,b
0,19,20,11,1
1,17,19,14,2
2,14,16,20,3
3,17,14,19,4
4,11,16,23,5
5,16,14,20,6
6,10,23,17,7
7,14,14,22,8
8,18,15,17,9
9,17,13,20,10
10,12,17,21,11
11,17,18,15,12
12,13,20,17,13
13,19,9,22,14
14,13,16,21,15
15,10,22,18,16
16,13,21,16,17
17,13,22,15,18
18,17,14,19,19
19,18,14,18,20
20,16,14,20,21
21,11,19,20,22
22,13,19,18,23
23,7,22,21,24
24,17,17,16,25
25,15,20,15,26
26,15,17,18,27
27,19,20,11,28
28,20,13,17,29
29,12,19,19,30
31,12,22,16,31
33,12,21,17,32
34,11,22,17,33
35,14,24,12,34
36,17,18,15,35
38,10,12,28,36
39,12,24,14,37
40,18,12,20,38
41,15,17,18,39
42,12,20,18,40
43,18,11,21,41
44,10,18,22,42
45,15,20,15,43
46,21,18,11,44
47,22,11,17,45
48,14,19,17,46
49,18,16,16,47
50,12,14,24,48
51,14,18,18,49
52,15,12,23,50
53,16,18,16,51
54,17,13,20,52
55,13,17,20,53
56,11,17,22,54
57,16,16,18,55
58,21,15,14,56
59,16,14,20,57
60,13,15,22,58
61,17,18,15,59
62,11,17,22,60
63,9,17,24,61
64,14,16,20,62
65,9,21,20,63
66,14,13,23,64
67,17,18,15,65
68,17,16,17,66
69,20,10,20,67
70,16,12,22,68
71,13,22,15,69
72,20,16,14,70
73,9,14,27,71
74,14,16,20,72
75,14,20,16,73
76,15,16,19,74
77,12,20,18,75
78,16,13,21,76
79,23,14,13,77
80,8,20,22,78
81,9,23,18,79
82,15,9,26,80
83,10,18,22,81
84,10,18,22,82
85,16,18,16,83
86,14,14,22,84
87,15,19,16,85
88,19,18,13,86
89,18,15,17,87
90,18,19,13,88
91,17,19,14,89
92,17,14,19,90
93,15,20,15,91
94,24,12,14,92
95,11,17,22,93
96,24,10,16,94
97,12,18,20,95
98,15,21,14,96
99,16,20,14,97
100,16,18,16,98
101,11,20,19,99
102,14,16,20,100
103,19,11,20,101
104,6,23,21,102
105,15,19,16,103
106,16,14,20,104
107,22,12,16,105
108,8,21,21,106
109,14,17,19,107
110,14,17,19,108
111,9,27,14,109
112,16,17,17,110
113,16,15,19,111
114,18,15,17,112
115,11,17,22,113
116,14,21,15,114
117,6,18,26,115
118,14,16,20,116
119,7,17,26,117
120,15,15,20,118
121,11,13,26,119
122,17,15,18,120
123,18,14,18,121
124,11,21,18,122
125,15,20,15,123
126,19,17,14,124
127,14,17,19,125
128,12,22,16,126
129,15,16,19,127
130,14,21,15,128
131,12,21,17,129
132,15,15,20,130
133,22,11,17,131
134,23,13,14,132
135,13,15,22,133
136,16,11,23,134
137,16,15,19,135
138,9,20,21,136
139,9,22,19,137
140,14,20,16,138
141,11,13,26,139
142,15,18,17,140
143,13,16,21,141
144,12,23,15,142
145,16,12,22,143
146,22,12,16,144
147,17,12,21,145
148,16,13,21,146
149,10,16,24,147
150,16,16,18,148
151,16,15,19,149
152,15,17,18,150
153,13,15,22,151
154,14,15,21,152
155,11,18,21,153
156,11,15,24,154
157,10,14,26,155
158,10,13,27,156
159,11,18,21,157
160,9,18,23,158
161,6,17,27,159
162,21,17,12,160
163,15,15,20,161
164,14,22,14,162
165,11,12,27,163
166,8,16,26,164
167,9,17,24,165
168,16,15,19,166
169,15,18,17,167
170,17,12,21,168
171,17,13,20,169
172,7,22,21,170
173,12,18,20,171
174,7,16,27,172
175,15,13,22,173
176,9,23,18,174
177,12,19,19,175
178,11,15,24,176
179,14,18,18,177
180,13,17,20,178
181,13,24,13,179
182,14,14,22,180
183,10,22,18,181
184,18,17,15,182
185,16,15,19,183
186,16,16,18,184
187,19,15,16,185
188,15,16,19,186
189,16,17,17,187
190,14,18,18,188
191,21,9,20,189
192,10,20,20,190
193,19,10,21,191
194,15,18,17,192
195,17,25,8,193
196,22,15,13,194
197,15,17,18,195
198,23,17,10,196
199,14,17,19,197
200,11,24,15,198
201,12,26,12,199
202,12,17,21,200
203,17,13,20,201
204,16,12,22,202
205,15,14,21,203
206,14,13,23,204
207,19,16,15,205
208,14,14,22,206
209,9,21,20,207
210,14,21,15,208
211,14,15,21,209
212,10,19,21,210
213,16,20,14,211
214,22,12,16,212
215,14,15,21,213
216,14,21,15,214
217,14,11,25,215
218,13,13,24,216
219,14,18,18,217
220,20,11,19,218
221,10,19,21,219
222,8,22,20,220
223,10,19,21,221
224,9,20,21,222
225,18,10,22,223
226,10,22,18,224
227,19,16,15,225
228,14,18,18,226
229,14,17,19,227
230,21,17,12,228
231,13,20,17,229
232,20,16,14,230
233,21,15,14,231
234,18,13,19,232
235,21,13,16,233
236,18,16,16,234
237,19,17,14,235
238,16,13,21,236
239,18,20,12,237
240,15,16,19,238
241,12,16,22,239
242,19,15,16,240
243,15,17,18,241
244,21,17,12,242
245,14,13,23,243
246,22,17,11,244
247,18,17,15,245
249,11,20,19,246
250,18,15,17,247
251,11,15,24,248
252,16,18,16,249
253,15,18,17,250
254,18,15,17,251
255,18,16,16,252
256,9,11,30,253
257,11,19,20,254
258,14,16,20,255
259,6,28,16,256
260,13,17,20,257
261,14,16,20,258
262,18,12,20,259
263,13,20,17,260
264,14,18,18,261
265,12,18,20,262
266,11,20,19,263
267,12,25,13,264
268,12,13,25,265
269,12,14,24,266
270,14,17,19,267
271,13,22,15,268
272,11,14,25,269
273,15,15,20,270
274,10,21,19,271
275,10,18,22,272
276,12,21,17,273
277,16,18,16,274
278,15,14,21,275
279,16,14,20,276
280,13,18,19,277
281,14,17,19,278
282,11,22,17,279
283,10,19,21,280
284,17,16,17,281
285,18,17,15,282
286,21,14,15,283
287,14,19,17,284
288,12,20,18,285
289,13,16,21,286
290,11,18,21,287
291,15,20,15,288
292,14,15,21,289
293,15,20,15,290
294,11,22,17,291
295,16,13,21,292
296,9,17,24,293
297,12,15,23,294
298,7,13,30,295
299,6,19,25,296
300,18,19,13,297
301,16,14,20,298
302,11,20,19,299
303,16,17,17,300
304,14,17,19,301
305,18,16,16,302
306,15,15,20,303
307,16,17,17,304
308,13,14,23,305
309,17,18,15,306
310,17,20,13,307
311,16,13,21,308
312,10,20,20,309
313,16,16,18,310
314,17,18,15,311
315,14,14,22,312
317,15,15,20,313
318,18,16,16,314
319,16,14,20,315
320,15,20,15,316
321,15,18,17,317
322,16,16,18,318
323,18,20,12,319
324,16,20,14,320
325,19,15,16,321
326,17,18,15,322
327,12,18,20,323
328,16,15,19,324
329,21,15,14,325
330,13,15,22,326
331,16,19,15,327
332,16,17,17,328
334,15,16,19,329
335,20,16,14,330
336,14,17,19,331
337,15,12,23,332
338,15,15,20,333
339,13,21,16,334
340,12,18,20,335
341,20,14,16,336
342,16,21,13,337
343,20,15,15,338
344,8,16,26,339
345,18,19,13,340
346,14,14,22,341
347,10,20,20,342
348,14,19,17,343
349,12,17,21,344
350,14,17,19,345
351,18,20,12,346
352,18,16,16,347
353,14,17,19,348
354,12,19,19,349
355,12,15,23,350
356,10,22,18,351
357,17,14,19,352
358,13,20,17,353
359,17,16,17,354
360,6,18,26,355
361,16,15,19,356
362,9,17,24,357
363,14,11,25,358
364,23,16,11,359
365,15,15,20,360
366,12,20,18,361
367,16,16,18,362
369,23,17,10,363
370,16,18,16,364
371,17,19,14,365
372,22,14,14,366
374,12,18,20,367
375,11,18,21,368
376,19,11,20,369
377,19,14,17,370
378,15,20,15,371
379,18,15,17,372
380,13,16,21,373
381,18,13,19,374
382,16,18,16,375
383,11,18,21,376
384,19,11,20,377
385,13,17,20,378
386,15,20,15,379
387,15,19,16,380
389,18,16,16,381
390,21,13,16,382
391,13,24,13,383
392,18,19,13,384
394,14,15,21,385
395,19,11,20,386
396,12,18,20,387
397,16,15,19,388
398,18,18,14,389
399,16,18,16,390
400,15,20,15,391
401,17,14,19,392
402,12,16,22,393
403,9,16,25,394
404,12,19,19,395
405,14,16,20,396
406,11,14,25,397
407,15,20,15,398
408,18,17,15,399
409,15,12,23,400
410,14,14,22,401
411,17,10,23,402
412,14,12,24,403
413,21,10,19,404
414,15,18,17,405
415,13,18,19,406
416,13,18,19,407
417,11,12,27,408
418,15,15,20,409
419,13,13,24,410
420,18,18,14,411
421,13,13,24,412
422,11,14,25,413
423,16,17,17,414
424,11,10,29,415
425,14,21,15,416
426,11,20,19,417
427,13,19,18,418
428,13,19,18,419
429,13,20,17,420
430,7,19,24,421
431,13,18,19,422
432,20,13,17,423
433,13,12,25,424
434,11,18,21,425
435,16,14,20,426
436,10,22,18,427
437,14,15,21,428
438,13,17,20,429
439,8,16,26,430
440,16,7,27,431
441,14,16,20,432
442,10,17,23,433
443,13,17,20,434
444,18,10,22,435
445,7,18,25,436
446,11,16,23,437
447,12,14,24,438
448,16,14,20,439
449,10,19,21,440
450,13,21,16,441
451,12,16,22,442
452,14,16,20,443
453,17,18,15,444
454,14,16,20,445
455,11,18,21,446
456,8,20,22,447
457,16,12,22,448
458,11,15,24,449
459,10,17,23,450
460,14,19,17,451
461,19,14,17,452
462,10,13,27,453
463,14,15,21,454
464,18,13,19,455
465,17,15,18,456
466,14,20,16,457
467,14,19,17,458
468,23,13,14,459
469,20,11,19,460
470,13,17,20,461
471,13,17,20,462
472,15,19,16,463
473,12,11,27,464
474,17,13,20,465
475,17,14,19,466
476,18,19,13,467
477,19,15,16,468
478,14,19,17,469
479,16,15,19,470
480,18,13,19,471
481,14,20,16,472
482,14,14,22,473
485,19,14,17,474
486,13,15,22,475
487,13,12,25,476
489,14,18,18,477
490,16,16,18,478
492,14,15,21,479
493,16,23,11,480
494,12,20,18,481
495,8,22,20,482
496,16,18,16,483
497,16,16,18,484
498,12,16,22,485
499,22,12,16,486
500,14,13,23,487
501,12,15,23,488
502,18,10,22,489
503,8,19,23,490
504,21,15,14,491
505,15,13,22,492
513,10,20,20,493
514,11,16,23,494
515,8,17,25,495
517,11,23,16,496
518,17,15,18,497
519,10,18,22,498
520,15,19,16,499
521,13,14,23,500
522,14,13,23,501
523,17,21,12,502
524,18,12,20,503
525,14,14,22,504
526,15,12,23,505
527,13,18,19,506
528,13,11,26,507
529,8,28,14,508
530,21,15,14,509
531,19,10,21,510
532,13,11,26,511
533,18,10,22,512
534,13,21,16,513
535,18,12,20,514
536,7,24,19,515
538,12,17,21,516
539,10,21,19,517
541,14,16,20,518
542,13,11,26,519
543,11,18,21,520
544,12,16,22,521
545,15,17,18,522
546,14,18,18,523
547,16,15,19,524
549,14,15,21,525
550,19,15,16,526
551,10,23,17,527
552,19,19,12,528
553,14,17,19,529
554,11,17,22,530
555,15,12,23,531
556,17,14,19,532
559,9,17,24,533
560,19,13,18,534
562,18,11,21,535
563,16,14,20,536
564,16,16,18,537
565,17,23,10,538
566,12,20,18,539
567,16,18,16,540
568,17,19,14,541
569,15,14,21,542
570,6,19,25,543
571,14,14,22,544
572,15,18,17,545
573,17,14,19,546
574,14,18,18,547
575,11,15,24,548
577,13,15,22,549
578,12,15,23,550
579,18,14,18,551
580,19,12,19,552
584,21,15,14,553
585,10,16,24,554
588,14,20,16,555
589,15,18,17,556
590,14,17,19,557
591,17,16,17,558
592,11,24,15,559
593,16,13,21,560
597,16,15,19,561
598,8,22,20,562
599,15,16,19,563
600,9,23,18,564
601,19,12,19,565
602,6,19,25,566
603,15,17,18,567
604,11,16,23,568
605,15,10,25,569
606,11,16,23,570
607,16,17,17,571
608,14,18,18,572
609,11,13,26,573
610,13,13,24,574
611,16,13,21,575
612,12,16,22,576
613,15,11,24,577
614,13,11,26,578
615,13,17,20,579
616,15,12,23,580
617,17,15,18,581
619,14,16,20,582
620,12,17,21,583
623,16,23,11,584
624,9,24,17,585
627,10,16,24,586
628,21,16,13,587
629,15,21,14,588
630,13,22,15,589
631,15,18,17,590
633,8,18,24,591
637,17,17,16,592
640,15,23,12,593
641,12,12,26,594
644,13,20,17,595
646,14,20,16,596
647,19,14,17,597
648,11,17,22,598
649,18,14,18,599
650,14,19,17,600
651,13,21,16,601
652,14,14,22,602
653,7,16,27,603
654,14,20,16,604
655,15,19,16,605
656,12,15,23,606
657,19,16,15,607
658,11,17,22,608
659,16,11,23,609
660,12,18,20,610
661,12,17,21,611
662,13,15,22,612
663,10,14,26,613
664,18,20,12,614
665,19,16,15,615
667,20,14,16,616
669,13,21,16,617
673,12,18,20,618
674,13,16,21,619
675,12,16,22,620
677,14,15,21,621
678,15,14,21,622
679,16,11,23,623
680,11,13,26,624
681,16,12,22,625
682,15,14,21,626
683,13,9,28,627
684,14,14,22,628
685,18,12,20,629
686,13,11,26,630
689,15,12,23,631
690,16,11,23,632
691,13,16,21,633
692,8,22,20,634
693,11,18,21,635
694,15,18,17,636
695,14,19,17,637
696,11,21,18,638
697,18,17,15,639
698,12,22,16,640
699,12,13,25,641
700,16,16,18,642
701,13,20,17,643
702,19,15,16,644
703,17,14,19,645
704,14,17,19,646
705,10,15,25,647
707,10,23,17,648
708,17,16,17,649
709,13,16,21,650
711,11,21,18,651
712,15,14,21,652
713,13,20,17,653
714,12,19,19,654
715,11,12,27,655
716,13,21,16,656
718,11,13,26,657
719,21,15,14,658
720,19,16,15,659
721,15,22,13,660
722,15,16,19,661
723,17,18,15,662
724,14,19,17,663
725,15,20,15,664
727,10,19,21,665
730,14,14,22,666
731,13,17,20,667
733,12,24,14,668
735,16,21,13,669
736,12,18,20,670
737,14,19,17,671
738,16,11,23,672
739,15,13,22,673
740,16,16,18,674
741,9,21,20,675
742,14,14,22,676
744,12,17,21,677
745,23,11,16,678
746,9,22,19,679
747,12,25,13,680
748,13,14,23,681
749,6,21,23,682
751,17,13,20,683
752,12,18,20,684
753,10,13,27,685
758,20,18,12,686
760,13,19,18,687
761,11,22,17,688
765,17,17,16,689
766,17,13,20,690
767,14,17,19,691
768,8,16,26,692
769,16,19,15,693
770,14,13,23,694
771,12,12,26,695
772,15,16,19,696
774,8,18,24,697
775,11,16,23,698
776,11,24,15,699
777,14,12,24,700
778,7,21,22,701
779,15,19,16,702
780,8,24,18,703
781,15,20,15,704
783,12,25,13,705
784,12,18,20,706
786,15,17,18,707
787,12,15,23,708
788,14,17,19,709
789,15,16,19,710
790,15,19,16,711
791,7,24,19,712
792,11,21,18,713
793,12,15,23,714
794,21,11,18,715
795,11,15,24,716
796,15,20,15,717
797,14,15,21,718
798,19,13,18,719
799,13,17,20,720
800,13,13,24,721
801,14,16,20,722
802,11,16,23,723
804,14,19,17,724
805,13,18,19,725
806,13,16,21,726
807,15,15,20,727
808,14,22,14,728
809,13,11,26,729
810,18,17,15,730
811,13,16,21,731
812,15,18,17,732
813,16,20,14,733
814,12,22,16,734
815,17,19,14,735
816,11,17,22,736
817,15,18,17,737
818,11,26,13,738
819,11,16,23,739
820,11,12,27,740
822,12,18,20,741
823,7,24,19,742
826,14,23,13,743
827,13,15,22,744
828,12,19,19,745
829,18,11,21,746
830,17,13,20,747
832,10,22,18,748
833,9,20,21,749
834,12,23,15,750
835,14,15,21,751
836,16,18,16,752
837,8,18,24,753
838,10,25,15,754
839,19,16,15,755
840,17,16,17,756
841,19,14,17,757
842,16,13,21,758
843,17,12,21,759
844,13,10,27,760
845,17,13,20,761
846,13,22,15,762
847,12,16,22,763
848,14,18,18,764
849,13,16,21,765
850,14,16,20,766
851,11,14,25,767
852,15,17,18,768
853,16,14,20,769
854,16,18,16,770
855,12,22,16,771
856,14,18,18,772
857,19,14,17,773
858,22,14,14,774
859,13,16,21,775
860,18,19,13,776
861,14,12,24,777
862,17,17,16,778
863,13,14,23,779
864,9,19,22,780
865,15,19,16,781
866,11,22,17,782
867,16,17,17,783
868,9,17,24,784
869,18,17,15,785
870,11,16,23,786
871,18,13,19,787
873,12,16,22,788
874,19,14,17,789
875,12,19,19,790
877,10,22,18,791
878,16,15,19,792
879,17,18,15,793
880,15,12,23,794
881,18,14,18,795
882,16,15,19,796
887,16,13,21,797
888,14,14,22,798
889,16,21,13,799
890,9,14,27,800
897,16,7,27,801
898,13,14,23,802
899,12,23,15,803
901,11,15,24,804
902,20,19,11,805
903,13,16,21,806
904,12,15,23,807
905,15,18,17,808
906,17,15,18,809
907,16,22,12,810
908,14,14,22,811
909,13,18,19,812
910,15,22,13,813
911,13,17,20,814
912,16,15,19,815
913,10,18,22,816
914,15,16,19,817
915,11,20,19,818
916,16,13,21,819
917,12,13,25,820
918,13,18,19,821
919,5,22,23,822
920,9,22,19,823
921,10,13,27,824
922,17,15,18,825
924,11,22,17,826
925,17,13,20,827
926,17,12,21,828
927,13,18,19,829
928,15,14,21,830
929,11,22,17,831
930,7,22,21,832
932,20,13,17,833
933,15,17,18,834
934,18,16,16,835
935,13,15,22,836
936,11,20,19,837
937,12,18,20,838
946,17,17,16,839
950,14,16,20,840
951,18,20,12,841
952,15,13,22,842
953,15,19,16,843
954,18,20,12,844
955,13,19,18,845
956,16,19,15,846
957,7,21,22,847
959,13,20,17,848
960,14,14,22,849
961,13,15,22,850
962,14,12,24,851
964,13,16,21,852
966,14,18,18,853
967,14,16,20,854
968,13,16,21,855
969,10,22,18,856
970,11,19,20,857
971,11,24,15,858
972,13,16,21,859
973,17,18,15,860
974,11,19,20,861
975,18,17,15,862
976,19,10,21,863
977,13,17,20,864
978,10,25,15,865
979,14,19,17,866
980,17,13,20,867
981,13,15,22,868
982,10,18,22,869
983,11,18,21,870
984,15,18,17,871
985,11,20,19,872
986,20,15,15,873
989,20,19,11,874
991,11,17,22,875
992,15,16,19,876
993,19,19,12,877
994,12,14,24,878
995,18,14,18,879
996,14,22,14,880
1000,10,19,21,881
1001,15,16,19,882
1002,11,17,22,883
1004,16,18,16,884
1005,15,21,14,885
1006,14,16,20,886
1007,22,11,17,887
1008,11,19,20,888
1009,14,22,14,889
1010,22,12,16,890
1011,17,14,19,891
1012,14,18,18,892
1013,13,15,22,893
1014,25,8,17,894
1015,10,21,19,895
1016,9,19,22,896
1017,12,22,16,897
1018,10,20,20,898
1019,16,15,19,899
1020,12,18,20,900
1021,13,20,17,901
1022,16,11,23,902
1025,16,17,17,903
1026,16,15,19,904
1027,22,16,12,905
1028,20,12,18,906
1029,18,14,18,907
1030,16,13,21,908
1032,13,26,11,909
1033,14,18,18,910
1034,17,19,14,911
1035,12,19,19,912
1036,12,17,21,913
1037,14,18,18,914
1039,16,17,17,915
1040,20,16,14,916
1041,15,24,11,917
1042,15,18,17,918
1043,13,18,19,919
1044,10,19,21,920
1045,19,20,11,921
1046,16,20,14,922
1047,15,18,17,923
1048,15,19,16,924
1049,20,15,15,925
1050,22,12,16,926
1051,14,15,21,927
1052,13,12,25,928
1053,12,20,18,929
1054,15,14,21,930
1055,16,14,20,931
1056,11,21,18,932
1057,19,18,13,933
1058,22,17,11,934
1059,15,21,14,935
1060,14,18,18,936
1061,14,18,18,937
1062,21,14,15,938
1063,9,17,24,939
1064,15,14,21,940
1065,11,25,14,941
1066,11,15,24,942
1067,15,15,20,943
1068,11,20,19,944
1071,20,15,15,945
1072,12,15,23,946
1074,9,22,19,947
1075,20,17,13,948
1077,15,16,19,949
1078,11,22,17,950
1079,8,19,23,951
1080,13,17,20,952
1081,8,19,23,953
1084,13,16,21,954
1087,16,16,18,955
1088,12,21,17,956
1090,13,12,25,957
1091,17,15,18,958
1092,16,13,21,959
1093,20,17,13,960
1095,16,20,14,961
1096,19,12,19,962
1097,17,13,20,963
1098,22,15,13,964
1099,15,19,16,965
1100,10,17,23,966
1101,15,20,15,967
1102,16,16,18,968
1103,16,14,20,969
1104,16,14,20,970
1105,13,23,14,971
1106,17,15,18,972
1107,16,20,14,973
1108,14,21,15,974
1110,17,16,17,975
1111,13,20,17,976
1112,16,17,17,977
1114,13,14,23,978
1123,11,19,20,979
1124,10,15,25,980
1126,12,23,15,981
1127,11,20,19,982
1128,16,12,22,983
1129,15,16,19,984
1132,19,17,14,985
1135,11,14,25,986
1138,15,15,20,987
1139,13,13,24,988
1141,9,19,22,989
1142,18,15,17,990
1143,13,14,23,991
1144,14,11,25,992
1145,11,22,17,993
1148,13,17,20,994
1149,16,14,20,995
1150,14,17,19,996
1152,13,15,22,997
1153,18,17,15,998
1154,11,16,23,999
1156,9,21,20,1000
1157,15,13,22,1001
1158,19,17,14,1002
1159,9,20,21,1003
1160,16,13,21,1004
1161,10,16,24,1005
1169,21,18,11,1006
1171,15,17,18,1007
1174,12,16,22,1008
1175,14,16,20,1009
1176,16,16,18,1010
1177,12,19,19,1011
1178,13,15,22,1012
1179,14,15,21,1013
1180,16,13,21,1014
1181,8,24,18,1015
1182,12,18,20,1016
1183,15,11,24,1017
1185,17,15,18,1018
1186,11,19,20,1019
1187,14,11,25,1020
1188,17,11,22,1021
1189,16,14,20,1022
1190,12,17,21,1023
1191,9,22,19,1024
1192,15,17,18,1025
1193,14,18,18,1026
1194,9,20,21,1027
1195,13,19,18,1028
1196,18,16,16,1029
1197,16,13,21,1030
1198,14,15,21,1031
1199,12,12,26,1032
1200,15,17,18,1033
1202,13,19,18,1034
1204,13,19,18,1035
1205,11,20,19,1036
1206,15,15,20,1037
1207,13,17,20,1038
1208,12,18,20,1039
1209,17,15,18,1040
1210,11,17,22,1041
1211,15,17,18,1042
1212,20,15,15,1043
1213,17,11,22,1044
1215,17,15,18,1045
1216,15,13,22,1046
1217,11,22,17,1047
1218,16,19,15,1048
1219,11,17,22,1049
1220,13,14,23,1050
1221,18,10,22,1051
1222,8,26,16,1052
1223,20,12,18,1053
1224,16,16,18,1054
1225,17,21,12,1055
1226,13,11,26,1056
1227,14,14,22,1057
1228,12,14,24,1058
1229,14,16,20,1059
1230,18,15,17,1060
1232,14,18,18,1061
1233,11,21,18,1062
1234,15,18,17,1063
1235,15,17,18,1064
1236,21,13,16,1065
1237,10,21,19,1066
1238,11,15,24,1067
1239,11,14,25,1068
1240,10,23,17,1069
1241,13,18,19,1070
1243,17,18,15,1071
1244,16,12,22,1072
1245,16,16,18,1073
1246,15,13,22,1074
1247,13,23,14,1075
1248,17,15,18,1076
1249,13,21,16,1077
1250,17,15,18,1078
1251,20,14,16,1079
1252,15,15,20,1080
1253,13,22,15,1081
1254,17,18,15,1082
1255,19,13,18,1083
1256,14,21,15,1084
1258,15,19,16,1085
1259,11,21,18,1086
1260,14,21,15,1087
1261,16,12,22,1088
1262,13,21,16,1089
1263,15,15,20,1090
1264,22,18,10,1091
1265,14,17,19,1092
1266,17,15,18,1093
1267,12,21,17,1094
1268,22,15,13,1095
1269,12,16,22,1096
1270,19,19,12,1097
1271,14,22,14,1098
1272,11,25,14,1099
1273,17,16,17,1100
1274,17,14,19,1101
1278,15,15,20,1102
1279,19,18,13,1103
1280,14,13,23,1104
1281,14,18,18,1105
1282,17,17,16,1106
1283,13,14,23,1107
1284,13,19,18,1108
1285,17,14,19,1109
1286,18,25,7,1110
1287,14,22,14,1111
1289,18,13,19,1112
1290,11,20,19,1113
1291,13,18,19,1114
1292,8,23,19,1115
1293,16,17,17,1116
1294,16,12,22,1117
1295,17,17,16,1118
1296,23,15,12,1119
1297,21,15,14,1120
1298,14,20,16,1121
1299,19,13,18,1122
1301,13,22,15,1123
1302,11,12,27,1124
1303,15,15,20,1125
1304,15,17,18,1126
1305,17,13,20,1127
1306,14,12,24,1128
1307,13,20,17,1129
1308,17,19,14,1130
1309,13,21,16,1131
1310,12,14,24,1132
1311,19,17,14,1133
1312,16,11,23,1134
1313,23,10,17,1135
1315,19,13,18,1136
1316,16,19,15,1137
1317,11,19,20,1138
1318,14,22,14,1139
1319,5,17,28,1140
1320,18,16,16,1141
1321,12,21,17,1142
1322,13,19,18,1143
1323,11,18,21,1144
1324,15,18,17,1145
1325,14,15,21,1146
1326,12,19,19,1147
1327,13,21,16,1148
1328,14,12,24,1149
1329,9,18,23,1150
1330,13,17,20,1151
1331,13,16,21,1152
1332,10,19,21,1153
1333,12,18,20,1154
1334,11,20,19,1155
1335,17,19,14,1156
1336,14,15,21,1157
1337,15,18,17,1158
1338,19,11,20,1159
1339,12,11,27,1160
1340,17,12,21,1161
1341,16,15,19,1162
1342,11,22,17,1163
1343,18,11,21,1164
1344,15,17,18,1165
1345,13,14,23,1166
1346,12,23,15,1167
1347,19,11,20,1168
1348,14,18,18,1169
1349,13,22,15,1170
1350,18,17,15,1171
1351,17,15,18,1172
1353,12,17,21,1173
1354,17,14,19,1174
1355,14,17,19,1175
1356,13,26,11,1176
1357,18,11,21,1177
1358,9,19,22,1178
1359,12,19,19,1179
1360,15,16,19,1180
1361,13,16,21,1181
1362,12,20,18,1182
1364,16,19,15,1183
1365,18,15,17,1184
1366,18,13,19,1185
1367,18,13,19,1186
1368,15,11,24,1187
1369,14,14,22,1188
1370,16,16,18,1189
1371,15,15,20,1190
1372,17,16,17,1191
1373,19,20,11,1192
1374,17,19,14,1193
1375,17,11,22,1194
1376,12,13,25,1195
1377,13,20,17,1196
1378,16,10,24,1197
1379,13,14,23,1198
1380,19,14,17,1199
1381,15,14,21,1200
1382,13,19,18,1201
1383,16,16,18,1202
1384,8,17,25,1203
1386,20,17,13,1204
1387,17,15,18,1205
1388,14,15,21,1206
1389,15,15,20,1207
1390,15,19,16,1208
1392,19,15,16,1209
1396,16,16,18,1210
1400,17,16,17,1211
1401,13,16,21,1212
1402,16,16,18,1213
1406,14,21,15,1214
1407,15,16,19,1215
1408,23,13,14,1216
1409,22,13,15,1217
1410,17,16,17,1218
1411,17,18,15,1219
1412,28,11,11,1220
1413,16,23,11,1221
1414,12,17,21,1222
1415,10,17,23,1223
1416,12,17,21,1224
1417,12,12,26,1225
1418,8,21,21,1226
1422,13,15,22,1227
1423,10,21,19,1228
1424,11,20,19,1229
1425,9,20,21,1230
1426,13,17,20,1231
1427,13,15,22,1232
1428,15,16,19,1233
1429,17,15,18,1234
1430,17,19,14,1235
1431,18,18,14,1236
1432,14,20,16,1237
1433,20,11,19,1238
1434,24,11,15,1239
1435,21,17,12,1240
1436,18,17,15,1241
1437,14,18,18,1242
1438,16,12,22,1243
1439,14,19,17,1244
1440,14,16,20,1245
1441,18,19,13,1246
1442,19,19,12,1247
1443,11,21,18,1248
1444,11,19,20,1249
1445,19,13,18,1250
1446,15,16,19,1251
1447,11,22,17,1252
1448,16,18,16,1253
1449,13,16,21,1254
1450,21,19,10,1255
1451,13,18,19,1256
1452,11,15,24,1257
1453,13,13,24,1258
1455,13,17,20,1259
1456,13,15,22,1260
1457,14,15,21,1261
1458,20,15,15,1262
1459,17,14,19,1263
1460,21,17,12,1264
1461,10,16,24,1265
1462,16,12,22,1266
1463,14,16,20,1267
1464,11,17,22,1268
1465,12,20,18,1269
1466,14,18,18,1270
1467,20,15,15,1271
1468,17,12,21,1272
1469,8,19,23,1273
1470,18,13,19,1274
1471,15,24,11,1275
1472,17,19,14,1276
1473,12,22,16,1277
1474,10,24,16,1278
1475,22,8,20,1279
1476,19,18,13,1280
1477,14,16,20,1281
1478,12,22,16,1282
1479,12,22,16,1283
1480,13,19,18,1284
1481,12,21,17,1285
1482,11,20,19,1286
1483,11,16,23,1287
1484,16,18,16,1288
1485,19,15,16,1289
1486,13,21,16,1290
1487,13,17,20,1291
1488,17,14,19,1292
1489,20,16,14,1293
1490,14,13,23,1294
1491,18,17,15,1295
1492,19,14,17,1296
1493,14,21,15,1297
1494,13,14,23,1298
1495,7,19,24,1299
1496,19,12,19,1300
1497,16,10,24,1301
1498,15,18,17,1302
1499,12,18,20,1303
1500,20,11,19,1304
1501,13,17,20,1305
1502,18,14,18,1306
1503,17,19,14,1307
1504,24,11,15,1308
1505,16,18,16,1309
1506,12,15,23,1310
1507,19,14,17,1311
1508,17,14,19,1312
1509,19,18,13,1313
1510,17,15,18,1314
1511,17,16,17,1315
1512,18,15,17,1316
1513,13,19,18,1317
1515,15,19,16,1318
1516,12,18,20,1319
1517,12,18,20,1320
1518,12,18,20,1321
1519,16,14,20,1322
1520,18,16,16,1323
1521,19,14,17,1324
1522,20,16,14,1325
1523,17,17,16,1326
1524,10,16,24,1327
1525,12,18,20,1328
1526,13,22,15,1329
1527,13,12,25,1330
1528,13,14,23,1331
1529,14,16,20,1332
1530,13,18,19,1333
1531,14,14,22,1334
1532,17,17,16,1335
1534,16,17,17,1336
1535,9,17,24,1337
1536,13,21,16,1338
1537,19,16,15,1339
1538,10,21,19,1340
1539,13,13,24,1341
1540,16,14,20,1342
1541,13,22,15,1343
1542,16,11,23,1344
1543,12,18,20,1345
1544,15,14,21,1346
1545,14,19,17,1347
1546,16,17,17,1348
1547,19,14,17,1349
1548,15,16,19,1350
1549,15,17,18,1351
1550,15,20,15,1352
1551,15,14,21,1353
1552,15,21,14,1354
1553,16,16,18,1355
1554,14,20,16,1356
1555,13,18,19,1357
1556,13,17,20,1358
1557,17,20,13,1359
1558,17,19,14,1360
1559,18,18,14,1361
1560,4,14,32,1362
1561,15,18,17,1363
1562,13,19,18,1364
1563,11,14,25,1365
1564,9,16,25,1366
1565,11,17,22,1367
1566,24,13,13,1368
1567,17,15,18,1369
1568,15,15,20,1370
1569,18,17,15,1371
1570,14,18,18,1372
1572,20,15,15,1373
1573,11,18,21,1374
1574,10,17,23,1375
1575,12,19,19,1376
1576,10,17,23,1377
1577,18,9,23,1378
1578,11,20,19,1379
1579,12,16,22,1380
1580,12,17,21,1381
1581,10,18,22,1382
1582,16,17,17,1383
1583,16,18,16,1384
1584,16,15,19,1385
1585,17,14,19,1386
1586,21,14,15,1387
1587,15,16,19,1388
1589,12,21,17,1389
1590,17,17,16,1390
1591,22,13,15,1391
1592,15,14,21,1392
1593,16,18,16,1393
1594,12,17,21,1394
1595,16,17,17,1395
1596,7,17,26,1396
1597,11,14,25,1397
1598,15,16,19,1398
1599,10,21,19,1399
1600,13,19,18,1400
1601,11,17,22,1401
1602,14,17,19,1402
1603,20,13,17,1403
1604,13,18,19,1404
1605,19,18,13,1405
1606,11,19,20,1406
1607,17,18,15,1407
1608,14,6,30,1408
1609,16,10,24,1409
1610,12,20,18,1410
1611,11,16,23,1411
1612,15,20,15,1412
1613,14,18,18,1413
1614,10,17,23,1414
1615,16,13,21,1415
1616,9,21,20,1416
1617,10,13,27,1417
1618,12,15,23,1418
1619,15,20,15,1419
1620,9,21,20,1420
1621,19,14,17,1421
1622,16,19,15,1422
1626,17,15,18,1423
1627,12,21,17,1424
1629,24,13,13,1425
1630,19,21,10,1426
1631,11,21,18,1427
1632,17,16,17,1428
1634,14,19,17,1429
1635,14,24,12,1430
1636,14,17,19,1431
1637,14,16,20,1432
1638,15,17,18,1433
1639,17,13,20,1434
1640,12,16,22,1435
1641,13,18,19,1436
1643,14,14,22,1437
1644,9,21,20,1438
1645,12,20,18,1439
1646,5,22,23,1440
1647,7,20,23,1441
1648,9,24,17,1442
1649,13,18,19,1443
1650,14,22,14,1444
1651,14,18,18,1445
1652,11,26,13,1446
1654,16,21,13,1447
1655,13,12,25,1448
1656,11,25,14,1449
1657,14,13,23,1450
1658,10,21,19,1451
1659,15,17,18,1452
1660,14,19,17,1453
1662,12,17,21,1454
1663,17,13,20,1455
1664,11,19,20,1456
1665,13,16,21,1457
1666,17,14,19,1458
1667,10,19,21,1459
1668,20,16,14,1460
1669,16,17,17,1461
1670,17,17,16,1462
1671,18,19,13,1463
1672,10,19,21,1464
1673,14,14,22,1465
1675,14,20,16,1466
1676,11,17,22,1467
1677,11,19,20,1468
1678,17,7,26,1469
1679,15,16,19,1470
1680,9,22,19,1471
1681,12,21,17,1472
1682,9,21,20,1473
1683,19,13,18,1474
1684,14,12,24,1475
1685,15,20,15,1476
1686,13,19,18,1477
1687,12,17,21,1478
1688,14,17,19,1479
1689,10,18,22,1480
1690,12,12,26,1481
1691,15,16,19,1482
1692,15,13,22,1483
1693,9,21,20,1484
1694,9,16,25,1485
1696,11,14,25,1486
1697,11,19,20,1487
1698,13,18,19,1488
1699,15,21,14,1489
1700,15,24,11,1490
1702,8,26,16,1491
1705,17,13,20,1492
1706,8,22,20,1493
1707,15,18,17,1494
1708,12,16,22,1495
1709,17,14,19,1496
1710,14,22,14,1497
1711,16,21,13,1498
1712,8,19,23,1499
1713,15,13,22,1500
1714,11,15,24,1501
1715,14,15,21,1502
1716,10,16,24,1503
1717,15,17,18,1504
1720,17,14,19,1505
1721,13,15,22,1506
1723,16,13,21,1507
1724,11,17,22,1508
1725,17,15,18,1509
1726,8,20,22,1510
1728,11,23,16,1511
1730,15,16,19,1512
1731,8,25,17,1513
1733,13,14,23,1514
1734,18,15,17,1515
1736,14,21,15,1516
1737,15,21,14,1517
1738,13,14,23,1518
1739,8,15,27,1519
1740,12,14,24,1520
1741,14,23,13,1521
1743,15,19,16,1522
1745,14,20,16,1523
1746,20,12,18,1524
1748,17,14,19,1525
1749,18,19,13,1526
1750,15,19,16,1527
1751,9,19,22,1528
1752,18,14,18,1529
1753,14,17,19,1530
1754,22,16,12,1531
1755,19,14,17,1532
1760,16,14,20,1533
1761,17,21,12,1534
1762,24,10,16,1535
1763,11,15,24,1536
1764,15,17,18,1537
1765,10,19,21,1538
1766,16,18,16,1539
1767,16,13,21,1540
1768,18,13,19,1541
1769,10,19,21,1542
1770,15,15,20,1543
1771,14,15,21,1544
1772,18,15,17,1545
1773,18,15,17,1546
1774,17,13,20,1547
1775,16,15,19,1548
1776,16,20,14,1549
1777,11,25,14,1550
1778,22,15,13,1551
1780,15,12,23,1552
1781,21,16,13,1553
1782,16,18,16,1554
1783,14,21,15,1555
1786,20,17,13,1556
1787,11,18,21,1557
1788,16,18,16,1558
1789,15,16,19,1559
1790,16,15,19,1560
1791,17,15,18,1561
1792,8,18,24,1562
1793,10,28,12,1563
1794,27,13,10,1564
1795,18,20,12,1565
1796,17,16,17,1566
1797,12,18,20,1567
1798,10,20,20,1568
1800,13,21,16,1569
1801,14,14,22,1570
1802,8,15,27,1571
1803,12,22,16,1572
1804,15,11,24,1573
1806,16,16,18,1574
1807,13,18,19,1575
1808,14,15,21,1576
1809,10,26,14,1577
1810,13,17,20,1578
1811,14,20,16,1579
1812,18,20,12,1580
1813,19,14,17,1581
1818,15,19,16,1582
1819,15,21,14,1583
1820,12,20,18,1584
1822,17,12,21,1585
1823,20,9,21,1586
1824,13,15,22,1587
1825,17,19,14,1588
1826,13,18,19,1589
1827,13,18,19,1590
1828,18,17,15,1591
1829,13,16,21,1592
1830,17,18,15,1593
1831,13,15,22,1594
1832,13,19,18,1595
1833,15,19,16,1596
1834,16,12,22,1597
1835,17,16,17,1598
1836,17,13,20,1599
1837,14,21,15,1600
1838,14,16,20,1601
1839,16,15,19,1602
1840,16,19,15,1603
1841,12,20,18,1604
1843,15,16,19,1605
1844,15,12,23,1606
1846,13,23,14,1607
1848,19,14,17,1608
1849,9,21,20,1609
1850,9,16,25,1610
1851,12,19,19,1611
1852,15,13,22,1612
1853,15,12,23,1613
1854,17,21,12,1614
1855,14,20,16,1615
1856,15,16,19,1616
1857,14,19,17,1617
1858,14,20,16,1618
1859,18,18,14,1619
1860,15,23,12,1620
1861,18,18,14,1621
1862,12,14,24,1622
1863,16,15,19,1623
1864,9,21,20,1624
1865,14,18,18,1625
1866,13,17,20,1626
1867,10,20,20,1627
1868,14,18,18,1628
1869,14,18,18,1629
1870,19,22,9,1630
1871,10,15,25,1631
1872,8,19,23,1632
1873,11,21,18,1633
1874,11,17,22,1634
1875,13,16,21,1635
1876,14,13,23,1636
1877,12,20,18,1637
1878,15,18,17,1638
1879,21,13,16,1639
1880,19,14,17,1640
1881,22,14,14,1641
1882,14,22,14,1642
1883,9,20,21,1643
1884,11,18,21,1644
1885,16,16,18,1645
1886,12,17,21,1646
1887,21,16,13,1647
1889,11,18,21,1648
1890,9,17,24,1649
1891,14,12,24,1650
1892,8,20,22,1651
1893,19,17,14,1652
1894,17,16,17,1653
1895,17,15,18,1654
1896,11,24,15,1655
1897,14,17,19,1656
1898,19,13,18,1657
1899,17,19,14,1658
1900,13,17,20,1659
1901,14,18,18,1660
1902,16,19,15,1661
1903,13,19,18,1662
1904,13,16,21,1663
1905,15,16,19,1664
1906,13,18,19,1665
1908,16,13,21,1666
1909,15,19,16,1667
1910,17,15,18,1668
1911,15,22,13,1669
1912,11,17,22,1670
1917,16,15,19,1671
1918,12,18,20,1672
1920,10,20,20,1673
1922,15,23,12,1674
1923,10,17,23,1675
1924,14,17,19,1676
1926,9,18,23,1677
1927,14,19,17,1678
1928,17,10,23,1679
1930,9,14,27,1680
1931,12,16,22,1681
1932,10,20,20,1682
1933,11,13,26,1683
1934,15,21,14,1684
1935,11,15,24,1685
1936,14,19,17,1686
1937,15,17,18,1687
1938,16,10,24,1688
1939,21,14,15,1689
1940,9,18,23,1690
1941,14,20,16,1691
1942,19,14,17,1692
1943,18,17,15,1693
1944,7,15,28,1694
1945,13,12,25,1695
1946,12,19,19,1696
1947,16,14,20,1697
1948,8,16,26,1698
1949,18,17,15,1699
1950,13,20,17,1700
1951,9,14,27,1701
1952,12,21,17,1702
1953,14,10,26,1703
1954,17,18,15,1704
1955,17,19,14,1705
1956,10,16,24,1706
1957,12,17,21,1707
1958,13,18,19,1708
1959,14,19,17,1709
1960,12,22,16,1710
1961,15,19,16,1711
1962,16,16,18,1712
1963,9,18,23,1713
1964,12,17,21,1714
1965,15,12,23,1715
1966,13,14,23,1716
1967,15,13,22,1717
1968,16,10,24,1718
1969,12,23,15,1719
1970,9,15,26,1720
1971,11,19,20,1721
1972,14,14,22,1722
1973,12,18,20,1723
1974,12,15,23,1724
1975,10,23,17,1725
1976,12,18,20,1726
1977,12,21,17,1727
1978,19,15,16,1728
1979,18,14,18,1729
1980,17,13,20,1730
1981,16,17,17,1731
1982,9,16,25,1732
1983,14,16,20,1733
1984,12,20,18,1734
1985,11,18,21,1735
1987,23,12,15,1736
1988,21,17,12,1737
1989,14,17,19,1738
1990,15,19,16,1739
1991,17,17,16,1740
1992,23,15,12,1741
1993,17,15,18,1742
1994,25,11,14,1743
1995,14,11,25,1744
1996,11,14,25,1745
1998,15,15,20,1746
1999,14,12,24,1747
2000,7,23,20,1748
2001,16,15,19,1749
2002,16,20,14,1750
2003,13,18,19,1751
2004,13,21,16,1752
2005,16,14,20,1753
2006,17,11,22,1754
2007,16,14,20,1755
2008,10,16,24,1756
2009,10,17,23,1757
2010,12,18,20,1758
2012,10,22,18,1759
2013,11,17,22,1760
2014,19,14,17,1761
2015,17,12,21,1762
2016,18,16,16,1763
2017,17,14,19,1764
2018,14,17,19,1765
2019,20,12,18,1766
2020,17,16,17,1767
2021,9,15,26,1768
2022,14,19,17,1769
2023,12,17,21,1770
2024,17,13,20,1771
2025,12,11,27,1772
2026,14,20,16,1773
2027,22,10,18,1774
2028,18,18,14,1775
2029,7,25,18,1776
2030,16,16,18,1777
2031,19,16,15,1778
2032,22,8,20,1779
2033,12,17,21,1780
2034,16,16,18,1781
2035,21,18,11,1782
2036,17,12,21,1783
2037,12,16,22,1784
2038,17,19,14,1785
2039,15,10,25,1786
2040,12,23,15,1787
2041,18,14,18,1788
2042,13,19,18,1789
2043,23,15,12,1790
2044,16,14,20,1791
2045,14,18,18,1792
2046,15,13,22,1793
2047,17,11,22,1794
2048,18,13,19,1795
2049,15,24,11,1796
2050,10,20,20,1797
2052,14,16,20,1798
2053,14,21,15,1799
2055,12,19,19,1800
2056,14,13,23,1801
2057,19,18,13,1802
2058,12,19,19,1803
2059,13,22,15,1804
2060,12,17,21,1805
2061,14,22,14,1806
2062,11,22,17,1807
2063,18,15,17,1808
2064,14,18,18,1809
2065,16,16,18,1810
2066,17,15,18,1811
2067,11,16,23,1812
2068,10,22,18,1813
2071,13,18,19,1814
2072,16,17,17,1815
2073,10,16,24,1816
2074,11,21,18,1817
2075,17,19,14,1818
2076,12,18,20,1819
2078,13,14,23,1820
2079,16,15,19,1821
2080,9,24,17,1822
2081,16,11,23,1823
2083,13,16,21,1824
2085,16,13,21,1825
2086,13,17,20,1826
2087,10,19,21,1827
2088,7,19,24,1828
2089,7,26,17,1829
2090,15,22,13,1830
2091,18,16,16,1831
2092,13,24,13,1832
2093,14,18,18,1833
2094,7,20,23,1834
2095,16,12,22,1835
2096,18,16,16,1836
2097,16,16,18,1837
2098,12,26,12,1838
2099,11,11,28,1839
2100,15,13,22,1840
2101,13,22,15,1841
2102,17,16,17,1842
2103,14,17,19,1843
2104,16,18,16,1844
2106,15,16,19,1845
2107,22,15,13,1846
2108,11,17,22,1847
2109,16,22,12,1848
2110,9,18,23,1849
2111,12,14,24,1850
2112,13,16,21,1851
2113,14,14,22,1852
2114,5,22,23,1853
2115,14,13,23,1854
2116,14,25,11,1855
2117,15,14,21,1856
2118,18,18,14,1857
2119,18,13,19,1858
2120,12,18,20,1859
2121,11,15,24,1860
2122,22,11,17,1861
2123,14,12,24,1862
2124,15,15,20,1863
2125,14,22,14,1864
2126,11,18,21,1865
2127,8,24,18,1866
2128,14,19,17,1867
2131,13,12,25,1868
2132,11,16,23,1869
2133,15,12,23,1870
2134,13,17,20,1871
2135,15,18,17,1872
2136,8,21,21,1873
2140,14,16,20,1874
2141,12,15,23,1875
2142,13,18,19,1876
2143,12,15,23,1877
2144,19,19,12,1878
2145,18,18,14,1879
2146,18,20,12,1880
2147,13,17,20,1881
2148,13,15,22,1882
2149,16,18,16,1883
2150,14,18,18,1884
2151,13,16,21,1885
2152,14,15,21,1886
2153,13,16,21,1887
2154,12,16,22,1888
2155,16,13,21,1889
2156,16,14,20,1890
2158,12,19,19,1891
2166,14,19,17,1892
2167,9,13,28,1893
2168,13,20,17,1894
2169,9,19,22,1895
2170,5,20,25,1896
2171,14,18,18,1897
2172,18,15,17,1898
2173,18,15,17,1899
2174,14,21,15,1900
2175,9,16,25,1901
2176,12,11,27,1902
2177,10,19,21,1903
2178,14,16,20,1904
2179,14,16,20,1905
2181,18,14,18,1906
2182,14,16,20,1907
2183,20,14,16,1908
2184,13,16,21,1909
2185,14,19,17,1910
2186,10,19,21,1911
2187,12,20,18,1912
2188,11,19,20,1913
2189,13,13,24,1914
2190,17,21,12,1915
2191,12,19,19,1916
2192,20,14,16,1917
2193,10,19,21,1918
2195,16,11,23,1919
2196,19,11,20,1920
2197,15,20,15,1921
2198,15,15,20,1922
2199,16,18,16,1923
2200,7,21,22,1924
2201,16,13,21,1925
2202,16,16,18,1926
2203,15,17,18,1927
2204,8,20,22,1928
2205,13,17,20,1929
2206,14,15,21,1930
2207,12,17,21,1931
2208,10,18,22,1932
2209,8,15,27,1933
2210,15,17,18,1934
2211,12,21,17,1935
2212,11,18,21,1936
2213,15,20,15,1937
2214,11,12,27,1938
2215,12,18,20,1939
2217,11,19,20,1940
2218,12,18,20,1941
2219,10,17,23,1942
2220,21,11,18,1943
2221,18,12,20,1944
2222,18,15,17,1945
2223,13,23,14,1946
2224,9,19,22,1947
2226,15,11,24,1948
2227,20,14,16,1949
2228,15,19,16,1950
2229,13,20,17,1951
2230,10,16,24,1952
2231,8,17,25,1953
2232,17,16,17,1954
2233,10,16,24,1955
2234,13,18,19,1956
2235,9,16,25,1957
2237,12,17,21,1958
2238,12,23,15,1959
2239,12,22,16,1960
2246,10,20,20,1961
2247,11,16,23,1962
2248,14,14,22,1963
2249,11,19,20,1964
2250,12,17,21,1965
2251,14,18,18,1966
2252,18,11,21,1967
2253,15,20,15,1968
2255,12,17,21,1969
2256,9,17,24,1970
2258,18,11,21,1971
2259,18,15,17,1972
2260,15,16,19,1973
2261,14,15,21,1974
2262,12,17,21,1975
2263,13,17,20,1976
2264,10,14,26,1977
2265,11,20,19,1978
2266,20,15,15,1979
2267,15,18,17,1980
2268,9,23,18,1981
2269,14,13,23,1982
2270,17,19,14,1983
2271,20,13,17,1984
2272,16,15,19,1985
2273,13,16,21,1986
2274,12,19,19,1987
2275,9,17,24,1988
2281,11,20,19,1989
2282,10,18,22,1990
2283,17,16,17,1991
2284,16,16,18,1992
2285,9,21,20,1993
2286,11,14,25,1994
2287,9,22,19,1995
2288,12,20,18,1996
2289,12,12,26,1997
2290,14,15,21,1998
2291,13,19,18,1999
2292,15,15,20,2000
2295,8,25,17,2001
2296,15,16,19,2002
2298,12,21,17,2003
2299,13,14,23,2004
2300,14,12,24,2005
2301,13,17,20,2006
2302,12,14,24,2007
2303,15,16,19,2008
2304,10,18,22,2009
2305,13,19,18,2010
2306,9,21,20,2011
2307,12,16,22,2012
2308,14,17,19,2013
2309,8,21,21,2014
2310,11,19,20,2015
2311,14,21,15,2016
2312,12,14,24,2017
2313,16,14,20,2018
2314,13,20,17,2019
2315,13,19,18,2020
2316,17,10,23,2021
2317,17,13,20,2022
2318,16,17,17,2023
2319,17,16,17,2024
2320,14,19,17,2025
2321,15,20,15,2026
2323,15,18,17,2027
2324,12,17,21,2028
2325,9,19,22,2029
2326,9,13,28,2030
2327,21,13,16,2031
2328,7,18,25,2032
2329,14,14,22,2033
2330,14,13,23,2034
2331,15,18,17,2035
2335,12,20,18,2036
2336,18,15,17,2037
2337,16,12,22,2038
2339,16,17,17,2039
2340,14,20,16,2040
2341,10,19,21,2041
2342,17,13,20,2042
2343,15,16,19,2043
2344,15,14,21,2044
2345,17,18,15,2045
2346,11,18,21,2046
2347,15,20,15,2047
2348,16,12,22,2048
2349,15,19,16,2049
2350,20,9,21,2050
2351,12,13,25,2051
2352,16,20,14,2052
2353,13,21,16,2053
2354,15,14,21,2054
2355,17,20,13,2055
2356,10,16,24,2056
2357,21,11,18,2057
2358,7,22,21,2058
2359,13,16,21,2059
2360,16,12,22,2060
2361,12,16,22,2061
2362,18,17,15,2062
2363,14,16,20,2063
2364,10,17,23,2064
2365,9,15,26,2065
2366,12,16,22,2066
2367,12,13,25,2067
2368,16,21,13,2068
2369,15,17,18,2069
2370,12,15,23,2070
2371,12,19,19,2071
2372,16,14,20,2072
2373,13,23,14,2073
2374,15,15,20,2074
2375,14,14,22,2075
2376,15,14,21,2076
2378,6,23,21,2077
2379,16,17,17,2078
2380,17,12,21,2079
2381,13,12,25,2080
2382,12,18,20,2081
2383,15,12,23,2082
2384,13,16,21,2083
2385,14,21,15,2084
2386,16,15,19,2085
2387,16,16,18,2086
2388,14,20,16,2087
2389,13,20,17,2088
2390,15,15,20,2089
2391,16,11,23,2090
2392,11,17,22,2091
2393,22,13,15,2092
2394,11,16,23,2093
2395,14,13,23,2094
2396,17,9,24,2095
2397,15,15,20,2096
2398,14,19,17,2097
2400,20,10,20,2098
2401,18,15,17,2099
2402,8,21,21,2100
2403,21,13,16,2101
2404,17,12,21,2102
2405,12,24,14,2103
2406,10,21,19,2104
2407,16,17,17,2105
2408,16,16,18,2106
2409,13,19,18,2107
2410,18,16,16,2108
2411,11,19,20,2109
2412,5,19,26,2110
2413,18,16,16,2111
2415,11,17,22,2112
2416,21,20,9,2113
2417,18,13,19,2114
2418,21,13,16,2115
2419,13,19,18,2116
2420,15,15,20,2117
2421,11,18,21,2118
2422,13,18,19,2119
2423,12,16,22,2120
2424,12,20,18,2121
2426,13,18,19,2122
2427,11,16,23,2123
2428,15,14,21,2124
2429,14,11,25,2125
2430,10,21,19,2126
2431,19,14,17,2127
2432,8,17,25,2128
2433,14,13,23,2129
2434,14,16,20,2130
2435,10,17,23,2131
2436,21,13,16,2132
2437,14,14,22,2133
2438,16,12,22,2134
2439,14,20,16,2135
2440,14,16,20,2136
2441,17,16,17,2137
2442,13,21,16,2138
2443,13,14,23,2139
2444,13,19,18,2140
2445,14,17,19,2141
2446,26,8,16,2142
2447,15,18,17,2143
2448,19,12,19,2144
2449,18,14,18,2145
2450,8,28,14,2146
2451,17,18,15,2147
2452,13,16,21,2148
2453,14,18,18,2149
2454,6,21,23,2150
2455,11,21,18,2151
2456,18,17,15,2152
2457,16,15,19,2153
2458,15,21,14,2154
2459,13,18,19,2155
2460,18,20,12,2156
2461,9,23,18,2157
2462,10,19,21,2158
2463,12,22,16,2159
2464,18,15,17,2160
2465,15,20,15,2161
2466,18,19,13,2162
2467,13,17,20,2163
2468,12,19,19,2164
2469,12,20,18,2165
2470,14,14,22,2166
2471,10,15,25,2167
2472,11,21,18,2168
2473,15,20,15,2169
2474,16,18,16,2170
2475,16,10,24,2171
2476,16,20,14,2172
2477,13,14,23,2173
2478,13,19,18,2174
2479,15,16,19,2175
2480,10,20,20,2176
2482,13,17,20,2177
2483,15,17,18,2178
2484,11,22,17,2179
2485,11,18,21,2180
2486,12,18,20,2181
2487,10,17,23,2182
2488,16,14,20,2183
2489,17,16,17,2184
2490,17,17,16,2185
2491,17,16,17,2186
2492,14,19,17,2187
2493,16,18,16,2188
2494,8,17,25,2189
2495,19,13,18,2190
2496,16,19,15,2191
2497,13,22,15,2192
2498,13,13,24,2193
2499,17,18,15,2194
2500,15,21,14,2195
2502,12,20,18,2196
2503,19,20,11,2197
2504,13,19,18,2198
2505,16,16,18,2199
2506,11,16,23,2200
2507,16,19,15,2201
2508,24,9,17,2202
2509,11,18,21,2203
2510,20,12,18,2204
2511,16,17,17,2205
2512,23,6,21,2206
2514,16,19,15,2207
2516,15,19,16,2208
2517,11,15,24,2209
2519,17,17,16,2210
2520,14,14,22,2211
2522,17,22,11,2212
2523,9,20,21,2213
2524,13,17,20,2214
2525,14,14,22,2215
2526,14,16,20,2216
2527,11,19,20,2217
2528,19,19,12,2218
2529,18,15,17,2219
2530,14,18,18,2220
2531,15,17,18,2221
2532,10,23,17,2222
2533,16,18,16,2223
2534,14,16,20,2224
2535,11,17,22,2225
2536,18,12,20,2226
2537,10,17,23,2227
2538,15,20,15,2228
2539,17,11,22,2229
2540,14,19,17,2230
2542,10,20,20,2231
2543,17,18,15,2232
2545,14,14,22,2233
2546,20,18,12,2234
2547,16,15,19,2235
2548,15,15,20,2236
2550,20,10,20,2237
2551,16,18,16,2238
2552,14,22,14,2239
2553,20,20,10,2240
2554,10,22,18,2241
2555,17,18,15,2242
2557,20,17,13,2243
2558,16,18,16,2244
2560,16,13,21,2245
2561,20,18,12,2246
2562,18,11,21,2247
2563,14,14,22,2248
2564,12,21,17,2249
2565,13,17,20,2250
2566,10,14,26,2251
2567,9,15,26,2252
2568,20,17,13,2253
2570,14,18,18,2254
2571,15,19,16,2255
2572,18,15,17,2256
2573,11,24,15,2257
2575,13,13,24,2258
2577,17,16,17,2259
2578,14,14,22,2260
2579,11,20,19,2261
2580,15,20,15,2262
2581,15,16,19,2263
2582,14,13,23,2264
2583,14,16,20,2265
2584,15,20,15,2266
2585,17,17,16,2267
2586,13,20,17,2268
2587,9,23,18,2269
2588,13,23,14,2270
2590,12,17,21,2271
2591,14,17,19,2272
2592,18,16,16,2273
2593,12,16,22,2274
2594,20,15,15,2275
2595,16,17,17,2276
2596,10,18,22,2277
2597,18,13,19,2278
2598,14,22,14,2279
2599,14,17,19,2280
2600,16,19,15,2281
2601,8,12,30,2282
2602,14,15,21,2283
2603,11,16,23,2284
2604,14,19,17,2285
2605,13,21,16,2286
2606,13,14,23,2287
2607,15,12,23,2288
2608,16,20,14,2289
2609,19,8,23,2290
2610,14,16,20,2291
2611,10,17,23,2292
2613,16,18,16,2293
2614,21,13,16,2294
2615,15,8,27,2295
2616,19,15,16,2296
2617,24,15,11,2297
2618,9,19,22,2298
2619,16,17,17,2299
2620,18,17,15,2300
2621,14,15,21,2301
2622,12,17,21,2302
2623,16,15,19,2303
2624,14,17,19,2304
2625,12,22,16,2305
2626,14,20,16,2306
2627,16,18,16,2307
2628,13,19,18,2308
2629,11,19,20,2309
2630,12,18,20,2310
2631,9,21,20,2311
2632,11,14,25,2312
2633,20,14,16,2313
2634,21,12,17,2314
2636,12,18,20,2315
2637,14,18,18,2316
2639,14,15,21,2317
2640,18,18,14,2318
2641,11,23,16,2319
2642,16,16,18,2320
2643,18,14,18,2321
2644,12,14,24,2322
2645,14,14,22,2323
2646,18,12,20,2324
2647,15,14,21,2325
2648,14,21,15,2326
2649,13,20,17,2327
2650,16,18,16,2328
2651,15,13,22,2329
2653,17,21,12,2330
2654,13,19,18,2331
2655,18,17,15,2332
2656,11,18,21,2333
2660,12,16,22,2334
2662,11,18,21,2335
2663,20,16,14,2336
2664,22,10,18,2337
2665,15,13,22,2338
2666,14,18,18,2339
2667,15,14,21,2340
2668,8,25,17,2341
2669,7,26,17,2342
2670,12,19,19,2343
2671,14,17,19,2344
2672,12,23,15,2345
2673,18,15,17,2346
2674,14,16,20,2347
2675,9,23,18,2348
2676,18,17,15,2349
2677,16,15,19,2350
2678,9,18,23,2351
2679,11,19,20,2352
2680,12,16,22,2353
2681,13,16,21,2354
2682,10,20,20,2355
2696,13,16,21,2356
2697,18,10,22,2357
2698,18,15,17,2358
2699,14,15,21,2359
2700,11,21,18,2360
2702,20,18,12,2361
2703,14,14,22,2362
2704,16,16,18,2363
2705,18,14,18,2364
2706,14,24,12,2365
2707,18,18,14,2366
2708,14,11,25,2367
2709,18,19,13,2368
2710,11,14,25,2369
2711,15,17,18,2370
2712,14,16,20,2371
2713,15,20,15,2372
2714,13,19,18,2373
2715,13,16,21,2374
2716,16,15,19,2375
2717,13,21,16,2376
2718,10,19,21,2377
2719,15,19,16,2378
2720,13,19,18,2379
2721,11,20,19,2380
2722,11,17,22,2381
2723,12,21,17,2382
2724,7,21,22,2383
2725,13,14,23,2384
2726,10,10,30,2385
2727,11,19,20,2386
2728,13,19,18,2387
2729,20,13,17,2388
2730,12,20,18,2389
2731,14,22,14,2390
2732,7,26,17,2391
2735,10,17,23,2392
2736,18,15,17,2393
2737,16,17,17,2394
2738,12,17,21,2395
2739,14,17,19,2396
2740,8,16,26,2397
2741,19,20,11,2398
2742,14,17,19,2399
2743,14,21,15,2400
2744,15,12,23,2401
2745,15,15,20,2402
2747,15,20,15,2403
2749,9,22,19,2404
2750,11,21,18,2405
2751,16,12,22,2406
2752,24,14,12,2407
2753,14,11,25,2408
2754,15,18,17,2409
2755,18,12,20,2410
2760,7,18,25,2411
2761,9,19,22,2412
2765,11,16,23,2413
2766,16,14,20,2414
2767,12,16,22,2415
2768,16,15,19,2416
2769,15,18,17,2417
2770,7,14,29,2418
2772,17,17,16,2419
2773,9,18,23,2420
2774,12,19,19,2421
2775,13,18,19,2422
2776,17,17,16,2423
2777,7,19,24,2424
2778,9,9,32,2425
2779,11,20,19,2426
2780,17,18,15,2427
2782,10,16,24,2428
2783,13,13,24,2429
2784,12,16,22,2430
2785,17,13,20,2431
2786,14,15,21,2432
2787,10,20,20,2433
2788,9,12,29,2434
2789,16,20,14,2435
2790,15,21,14,2436
2791,11,21,18,2437
2792,17,13,20,2438
2793,17,10,23,2439
2794,11,18,21,2440
2795,15,16,19,2441
2796,15,13,22,2442
2797,11,17,22,2443
2798,21,16,13,2444
2799,11,20,19,2445
2800,11,14,25,2446
2801,6,19,25,2447
2802,15,17,18,2448
2803,16,17,17,2449
2804,16,12,22,2450
2805,7,23,20,2451
2806,15,19,16,2452
2807,13,23,14,2453
2808,8,20,22,2454
2809,5,20,25,2455
2810,14,20,16,2456
2811,17,18,15,2457
2812,14,14,22,2458
2813,10,15,25,2459
2814,12,24,14,2460
2815,14,9,27,2461
2816,17,13,20,2462
2817,15,25,10,2463
2818,10,18,22,2464
2819,12,17,21,2465
2822,22,13,15,2466
2824,12,15,23,2467
2825,16,18,16,2468
2826,14,17,19,2469
2827,19,13,18,2470
2828,17,16,17,2471
2829,15,18,17,2472
2830,15,17,18,2473
2831,15,17,18,2474
2832,13,19,18,2475
2836,17,16,17,2476
2837,19,13,18,2477
2838,16,20,14,2478
2839,9,14,27,2479
2840,15,14,21,2480
2841,18,17,15,2481
2842,13,25,12,2482
2843,16,14,20,2483
2844,8,21,21,2484
2848,14,15,21,2485
2849,14,22,14,2486
2850,19,13,18,2487
2851,13,21,16,2488
2852,12,18,20,2489
2853,15,16,19,2490
2854,13,14,23,2491
2855,15,20,15,2492
2856,18,14,18,2493
2857,10,18,22,2494
2858,15,17,18,2495
2860,14,15,21,2496
2861,11,15,24,2497
2862,16,22,12,2498
2863,16,14,20,2499
2864,17,16,17,2500
2865,19,17,14,2501
2866,14,11,25,2502
2867,15,13,22,2503
2868,16,15,19,2504
2869,13,14,23,2505
2870,14,14,22,2506
2871,20,13,17,2507
2872,18,16,16,2508
2873,12,17,21,2509
2874,12,19,19,2510
2875,10,19,21,2511
2876,11,21,18,2512
2877,11,16,23,2513
2881,17,13,20,2514
2882,17,17,16,2515
2884,10,16,24,2516
2885,10,18,22,2517
2888,8,24,18,2518
2891,17,14,19,2519
2892,7,22,21,2520
2893,17,15,18,2521
2894,16,22,12,2522
2896,17,12,21,2523
2897,12,15,23,2524
2898,16,16,18,2525
2900,19,15,16,2526
2901,17,15,18,2527
2902,15,12,23,2528
2903,15,11,24,2529
2904,11,19,20,2530
2905,18,17,15,2531
2906,15,17,18,2532
2908,9,16,25,2533
2909,18,18,14,2534
2910,10,17,23,2535
2914,14,14,22,2536
2915,11,18,21,2537
2916,11,18,21,2538
2917,16,16,18,2539
2918,19,13,18,2540
2919,14,21,15,2541
2920,12,17,21,2542
2921,20,15,15,2543
2922,17,12,21,2544
2925,16,11,23,2545
2926,10,21,19,2546
2927,12,20,18,2547
2929,9,15,26,2548
2931,12,20,18,2549
2932,10,19,21,2550
2933,12,17,21,2551
2934,15,18,17,2552
2940,24,12,14,2553
2942,9,24,17,2554
2943,12,19,19,2555
2944,17,21,12,2556
2945,16,20,14,2557
2946,13,15,22,2558
2947,19,21,10,2559
2948,14,21,15,2560
2949,20,17,13,2561
2950,17,16,17,2562
2951,17,19,14,2563
2952,11,19,20,2564
2953,17,16,17,2565
2954,23,13,14,2566
2955,17,13,20,2567
2956,17,16,17,2568
2957,16,15,19,2569
2958,16,17,17,2570
2959,22,19,9,2571
2960,14,15,21,2572
2961,17,15,18,2573
2962,16,15,19,2574
2963,11,18,21,2575
2964,10,20,20,2576
2965,17,8,25,2577
2966,14,16,20,2578
2967,11,23,16,2579
2968,11,25,14,2580
2969,13,17,20,2581
2970,17,16,17,2582
2971,12,23,15,2583
2972,13,21,16,2584
2973,13,14,23,2585
2974,10,18,22,2586
2978,11,17,22,2587
2981,10,17,23,2588
2984,15,17,18,2589
2985,13,20,17,2590
2986,18,12,20,2591
2987,12,19,19,2592
2988,8,22,20,2593
2989,8,17,25,2594
2990,11,18,21,2595
2991,6,19,25,2596
2992,12,18,20,2597
2993,15,19,16,2598
2994,8,14,28,2599
2995,13,23,14,2600
2996,14,13,23,2601
2997,17,11,22,2602
2998,14,20,16,2603
2999,9,19,22,2604
3000,15,16,19,2605
3001,17,16,17,2606
3002,9,24,17,2607
3003,10,20,20,2608
3005,14,13,23,2609
3006,8,13,29,2610
3007,12,18,20,2611
3008,18,17,15,2612
3009,11,20,19,2613
3010,14,18,18,2614
3011,8,15,27,2615
3012,14,13,23,2616
3015,10,19,21,2617
3016,14,18,18,2618
3017,12,16,22,2619
3018,10,17,23,2620
3019,14,19,17,2621
3020,18,17,15,2622
3021,13,17,20,2623
3022,14,15,21,2624
3023,20,18,12,2625
3024,11,15,24,2626
3025,9,19,22,2627
3026,21,15,14,2628
3027,13,14,23,2629
3028,15,20,15,2630
3029,9,18,23,2631
3030,19,12,19,2632
3031,12,16,22,2633
3032,15,21,14,2634
3033,17,16,17,2635
3034,15,17,18,2636
3035,16,16,18,2637
3036,17,12,21,2638
3037,8,17,25,2639
3039,11,21,18,2640
3040,13,20,17,2641
3041,13,18,19,2642
3042,18,15,17,2643
3045,12,20,18,2644
3046,11,18,21,2645
3047,12,17,21,2646
3048,15,17,18,2647
3050,17,16,17,2648
3051,16,18,16,2649
3052,15,16,19,2650
3053,9,20,21,2651
3054,6,24,20,2652
3055,13,15,22,2653
3056,16,10,24,2654
3057,10,22,18,2655
3058,14,17,19,2656
3059,13,25,12,2657
3060,11,16,23,2658
3061,19,14,17,2659
3062,13,13,24,2660
3063,13,23,14,2661
3064,17,19,14,2662
3065,15,19,16,2663
3066,8,27,15,2664
3067,19,17,14,2665
3068,23,13,14,2666
3069,11,14,25,2667
3070,8,21,21,2668
3071,19,16,15,2669
3072,22,13,15,2670
3073,15,24,11,2671
3074,14,16,20,2672
3075,18,18,14,2673
3078,17,16,17,2674
3080,20,19,11,2675
3081,13,20,17,2676
3082,14,15,21,2677
3083,13,14,23,2678
3084,21,15,14,2679
3085,16,12,22,2680
3087,16,16,18,2681
3088,13,18,19,2682
3089,13,22,15,2683
3091,14,17,19,2684
3092,14,21,15,2685
3093,11,14,25,2686
3094,9,20,21,2687
3095,10,21,19,2688
3098,13,11,26,2689
3099,16,17,17,2690
3101,12,17,21,2691
3102,19,11,20,2692
3103,16,20,14,2693
3104,11,12,27,2694
3105,13,19,18,2695
3106,15,22,13,2696
3107,15,17,18,2697
3108,16,15,19,2698
3109,16,14,20,2699
3110,10,17,23,2700
3113,16,14,20,2701
3114,12,22,16,2702
3116,19,15,16,2703
3117,13,21,16,2704
3118,10,14,26,2705
3119,20,17,13,2706
3120,11,24,15,2707
3121,16,15,19,2708
3122,13,12,25,2709
3123,6,24,20,2710
3124,15,16,19,2711
3125,18,7,25,2712
3126,11,13,26,2713
3128,15,16,19,2714
3129,21,15,14,2715
3131,10,19,21,2716
3132,16,25,9,2717
3133,8,15,27,2718
3134,12,17,21,2719
3135,10,19,21,2720
3136,16,13,21,2721
3138,16,17,17,2722
3139,17,19,14,2723
3140,26,11,13,2724
3142,13,18,19,2725
3144,12,17,21,2726
3149,10,15,25,2727
3150,13,18,19,2728
3151,10,18,22,2729
3152,15,19,16,2730
3154,15,13,22,2731
3156,10,21,19,2732
3157,16,18,16,2733
3158,11,18,21,2734
3159,16,17,17,2735
3160,10,20,20,2736
3161,14,16,20,2737
3162,21,15,14,2738
3163,16,14,20,2739
3164,7,15,28,2740
3165,18,16,16,2741
3166,9,9,32,2742
3168,10,19,21,2743
3169,5,18,27,2744
3170,15,15,20,2745
3171,11,18,21,2746
3172,13,21,16,2747
3173,16,16,18,2748
3174,13,14,23,2749
3175,11,18,21,2750
3176,12,21,17,2751
3177,15,14,21,2752
3178,14,13,23,2753
3179,14,16,20,2754
3180,18,20,12,2755
3181,9,18,23,2756
3182,11,21,18,2757
3184,14,14,22,2758
3185,20,13,17,2759
3186,13,17,20,2760
3188,13,21,16,2761
3189,14,17,19,2762
3190,14,14,22,2763
3192,15,18,17,2764
3193,16,16,18,2765
3194,15,16,19,2766
3195,12,17,21,2767
3196,20,15,15,2768
3197,17,14,19,2769
3198,9,18,23,2770
3200,15,16,19,2771
3201,12,12,26,2772
3202,17,16,17,2773
3203,15,17,18,2774
3204,13,12,25,2775
3206,12,17,21,2776
3207,15,13,22,2777
3208,14,23,13,2778
3209,14,13,23,2779
3210,12,22,16,2780
3211,15,18,17,2781
3212,18,15,17,2782
3213,13,15,22,2783
3214,15,12,23,2784
3215,9,18,23,2785
3216,14,15,21,2786
3217,5,20,25,2787
3218,14,15,21,2788
3219,17,14,19,2789
3220,16,11,23,2790
3221,19,15,16,2791
3222,9,16,25,2792
3223,11,15,24,2793
3224,11,20,19,2794
3225,16,14,20,2795
3226,14,19,17,2796
3227,17,18,15,2797
3228,18,15,17,2798
3229,19,11,20,2799
3230,17,18,15,2800
3231,19,17,14,2801
3232,14,13,23,2802
3233,14,18,18,2803
3234,17,16,17,2804
3235,20,15,15,2805
3236,14,15,21,2806
3237,10,20,20,2807
3238,14,16,20,2808
3239,14,16,20,2809
3240,13,18,19,2810
3241,16,15,19,2811
3242,12,17,21,2812
3243,9,22,19,2813
3244,15,14,21,2814
3245,12,16,22,2815
3246,13,21,16,2816
3247,12,22,16,2817
3248,14,18,18,2818
3249,18,16,16,2819
3250,16,19,15,2820
3251,13,12,25,2821
3252,8,18,24,2822
3253,12,16,22,2823
3254,13,13,24,2824
3256,13,16,21,2825
3257,18,13,19,2826
3258,15,14,21,2827
3260,11,14,25,2828
3261,16,14,20,2829
3262,12,16,22,2830
3263,10,19,21,2831
3264,13,17,20,2832
3265,23,11,16,2833
3267,12,19,19,2834
3269,16,18,16,2835
3270,17,15,18,2836
3271,10,20,20,2837
3272,17,16,17,2838
3273,15,16,19,2839
3274,13,12,25,2840
3275,12,11,27,2841
3276,16,17,17,2842
3277,14,17,19,2843
3278,15,11,24,2844
3279,14,16,20,2845
3280,16,10,24,2846
3283,16,16,18,2847
3287,21,10,19,2848
3289,17,21,12,2849
3290,12,21,17,2850
3291,11,21,18,2851
3292,20,14,16,2852
3293,11,17,22,2853
3294,6,24,20,2854
3295,13,19,18,2855
3296,9,20,21,2856
3297,12,19,19,2857
3298,14,22,14,2858
3300,14,12,24,2859
3301,13,15,22,2860
3303,13,17,20,2861
3304,13,17,20,2862
3305,11,18,21,2863
3306,14,17,19,2864
3307,17,12,21,2865
3308,14,20,16,2866
3309,16,14,20,2867
3310,15,15,20,2868
3312,12,20,18,2869
3313,19,15,16,2870
3314,13,15,22,2871
3315,8,18,24,2872
3316,17,11,22,2873
3317,20,14,16,2874
3320,9,20,21,2875
3321,8,22,20,2876
3322,12,21,17,2877
3323,20,17,13,2878
3324,16,14,20,2879
3325,13,17,20,2880
3326,12,14,24,2881
3327,17,15,18,2882
3328,20,10,20,2883
3329,10,22,18,2884
3330,17,13,20,2885
3331,10,17,23,2886
3332,13,22,15,2887
3333,19,20,11,2888
3334,20,14,16,2889
3335,17,14,19,2890
3336,15,17,18,2891
3337,11,18,21,2892
3339,10,16,24,2893
3340,14,14,22,2894
3341,13,13,24,2895
3342,8,15,27,2896
3343,11,11,28,2897
3344,16,14,20,2898
3345,8,16,26,2899
3346,13,15,22,2900
3347,14,17,19,2901
3348,13,19,18,2902
3349,13,15,22,2903
3351,11,16,23,2904
3352,17,16,17,2905
3353,14,14,22,2906
3354,14,16,20,2907
3355,10,22,18,2908
3356,17,18,15,2909
3357,12,17,21,2910
3358,10,19,21,2911
3359,12,20,18,2912
3360,15,20,15,2913
3361,14,15,21,2914
3362,10,16,24,2915
3363,15,18,17,2916
3364,16,13,21,2917
3365,16,14,20,2918
3367,17,13,20,2919
3368,15,15,20,2920
3369,18,14,18,2921
3370,14,16,20,2922
3371,10,20,20,2923
3372,13,16,21,2924
3373,18,15,17,2925
3374,14,16,20,2926
3377,16,16,18,2927
3378,13,12,25,2928
3379,16,15,19,2929
3380,13,19,18,2930
3381,9,21,20,2931
3382,13,16,21,2932
3383,13,20,17,2933
3384,13,17,20,2934
3385,8,17,25,2935
3387,14,16,20,2936
3388,15,20,15,2937
3389,16,17,17,2938
3390,12,19,19,2939
3391,14,16,20,2940
3393,13,19,18,2941
3394,14,15,21,2942
3395,13,17,20,2943
3396,14,19,17,2944
3399,15,19,16,2945
3400,15,13,22,2946
3401,17,20,13,2947
3402,11,21,18,2948
3424,15,24,11,2949
3425,13,10,27,2950
3426,14,14,22,2951
3427,10,20,20,2952
3428,14,18,18,2953
3429,14,10,26,2954
3430,16,16,18,2955
3431,10,16,24,2956
3432,9,23,18,2957
3433,14,14,22,2958
3434,15,24,11,2959
3435,16,21,13,2960
3436,17,19,14,2961
3437,14,20,16,2962
3439,18,14,18,2963
3440,10,24,16,2964
3441,13,10,27,2965
3442,12,19,19,2966
3443,11,20,19,2967
3444,16,13,21,2968
3445,10,15,25,2969
3450,13,20,17,2970
3451,12,17,21,2971
3452,8,23,19,2972
3453,18,15,17,2973
3454,10,15,25,2974
3455,6,20,24,2975
3456,14,20,16,2976
3457,12,19,19,2977
3458,9,19,22,2978
3459,12,14,24,2979
3460,11,11,28,2980
3461,14,16,20,2981
3462,16,14,20,2982
3463,12,19,19,2983
3464,15,15,20,2984
3465,12,14,24,2985
3466,16,13,21,2986
3468,18,10,22,2987
3469,19,12,19,2988
3470,13,13,24,2989
3471,9,18,23,2990
3472,8,19,23,2991
3473,6,16,28,2992
3474,19,16,15,2993
3475,9,18,23,2994
3476,14,16,20,2995
3477,13,19,18,2996
3478,13,16,21,2997
3479,10,19,21,2998
3480,8,15,27,2999
3483,9,19,22,3000
3484,12,22,16,3001
3488,14,23,13,3002
3489,15,18,17,3003
3492,17,10,23,3004
3493,16,20,14,3005
3495,14,20,16,3006
3496,16,14,20,3007
3497,13,18,19,3008
3498,14,15,21,3009
3499,11,16,23,3010
3501,23,12,15,3011
3502,12,17,21,3012
3503,13,18,19,3013
3507,15,16,19,3014
3508,15,19,16,3015
3509,10,18,22,3016
3510,12,16,22,3017
3511,14,12,24,3018
3513,12,23,15,3019
3514,12,16,22,3020
3515,13,18,19,3021
3516,17,16,17,3022
3517,12,10,28,3023
3518,16,15,19,3024
3519,8,20,22,3025
3520,17,13,20,3026
3523,8,18,24,3027
3524,17,10,23,3028
3525,11,15,24,3029
3527,14,15,21,3030
3529,16,13,21,3031
3530,9,24,17,3032
3531,16,15,19,3033
3533,14,15,21,3034
3534,12,20,18,3035
3535,16,12,22,3036
3536,14,15,21,3037
3539,15,14,21,3038
3541,15,20,15,3039
3543,17,16,17,3040
3545,16,19,15,3041
3550,9,16,25,3042
3551,11,15,24,3043
3552,14,20,16,3044
3553,14,19,17,3045
3554,9,21,20,3046
3556,23,11,16,3047
3557,19,13,18,3048
3559,13,18,19,3049
3561,19,13,18,3050
3562,11,13,26,3051
3563,20,11,19,3052
3565,8,20,22,3053
3566,11,18,21,3054
3567,15,17,18,3055
3568,6,17,27,3056
3569,17,16,17,3057
3570,16,15,19,3058
3571,22,12,16,3059
3572,12,19,19,3060
3573,13,21,16,3061
3574,11,20,19,3062
3576,9,19,22,3063
3577,14,15,21,3064
3578,12,21,17,3065
3579,13,19,18,3066
3580,13,15,22,3067
3581,18,15,17,3068
3582,16,19,15,3069
3583,21,9,20,3070
3584,21,16,13,3071
3585,19,9,22,3072
3586,21,10,19,3073
3587,11,16,23,3074
3588,14,19,17,3075
3589,10,17,23,3076
3590,13,15,22,3077
3591,14,16,20,3078
3592,13,24,13,3079
3594,13,15,22,3080
3595,13,13,24,3081
3596,13,16,21,3082
3597,11,20,19,3083
3598,11,16,23,3084
3599,17,13,20,3085
3600,11,18,21,3086
3601,16,18,16,3087
3602,24,13,13,3088
3603,11,15,24,3089
3604,7,20,23,3090
3605,19,13,18,3091
3606,14,14,22,3092
3607,15,23,12,3093
3608,13,18,19,3094
3609,16,12,22,3095
3610,17,16,17,3096
3611,15,13,22,3097
3612,15,17,18,3098
3613,11,12,27,3099
3614,13,14,23,3100
3615,12,20,18,3101
3616,5,21,24,3102
3617,14,9,27,3103
3618,13,18,19,3104
3621,9,14,27,3105
3624,15,19,16,3106
3626,18,17,15,3107
3627,17,19,14,3108
3628,16,14,20,3109
3629,9,26,15,3110
3630,13,17,20,3111
3631,17,15,18,3112
3632,14,20,16,3113
3634,14,18,18,3114
3635,19,13,18,3115
3636,20,18,12,3116
3637,13,22,15,3117
3638,17,18,15,3118
3639,19,11,20,3119
3640,12,21,17,3120
3641,22,9,19,3121
3642,14,19,17,3122
3643,14,15,21,3123
3644,9,23,18,3124
3645,14,18,18,3125
3646,8,17,25,3126
3647,14,18,18,3127
3648,15,13,22,3128
3649,13,19,18,3129
3652,17,17,16,3130
3653,17,14,19,3131
3654,14,18,18,3132
3655,15,15,20,3133
3656,10,14,26,3134
3657,15,19,16,3135
3659,13,15,22,3136
3660,17,12,21,3137
3661,11,16,23,3138
3662,15,14,21,3139
3664,17,18,15,3140
3665,13,14,23,3141
3666,17,16,17,3142
3667,17,22,11,3143
3668,21,16,13,3144
3669,14,15,21,3145
3670,13,18,19,3146
3671,21,17,12,3147
3672,17,10,23,3148
3673,14,14,22,3149
3674,16,15,19,3150
3675,17,14,19,3151
3676,14,14,22,3152
3677,14,13,23,3153
3678,14,19,17,3154
3679,13,19,18,3155
3680,13,16,21,3156
3681,14,13,23,3157
3682,20,16,14,3158
3683,19,14,17,3159
3684,13,15,22,3160
3685,10,22,18,3161
3686,16,17,17,3162
3687,11,16,23,3163
3688,12,18,20,3164
3689,8,27,15,3165
3691,16,15,19,3166
3692,16,19,15,3167
3693,16,18,16,3168
3694,13,17,20,3169
3695,15,18,17,3170
3696,11,16,23,3171
3697,16,11,23,3172
3699,14,19,17,3173
3700,14,17,19,3174
3701,9,13,28,3175
3702,16,16,18,3176
3703,13,15,22,3177
3704,15,16,19,3178
3705,10,14,26,3179
3706,13,16,21,3180
3707,13,13,24,3181
3708,16,12,22,3182
3709,14,20,16,3183
3710,18,17,15,3184
3711,9,19,22,3185
3712,15,17,18,3186
3713,6,17,27,3187
3714,11,13,26,3188
3715,10,17,23,3189
3716,13,19,18,3190
3717,8,23,19,3191
3718,17,16,17,3192
3719,17,20,13,3193
3720,19,11,20,3194
3724,10,15,25,3195
3725,14,15,21,3196
3726,9,20,21,3197
3729,11,18,21,3198
3730,15,18,17,3199
3731,10,17,23,3200
3733,16,16,18,3201
3734,12,17,21,3202
3735,13,11,26,3203
3736,17,20,13,3204
3737,22,16,12,3205
3739,14,18,18,3206
3740,12,17,21,3207
3741,15,18,17,3208
3742,20,13,17,3209
3743,12,15,23,3210
3745,11,16,23,3211
3747,13,21,16,3212
3748,9,13,28,3213
3749,13,17,20,3214
3750,9,12,29,3215
3751,17,19,14,3216
3752,21,13,16,3217
3753,12,20,18,3218
3754,16,14,20,3219
3755,16,14,20,3220
3758,15,24,11,3221
3759,15,20,15,3222
3760,10,18,22,3223
3761,18,15,17,3224
3762,15,20,15,3225
3763,11,16,23,3226
3764,14,18,18,3227
3765,10,16,24,3228
3766,12,19,19,3229
3767,17,19,14,3230
3768,13,14,23,3231
3769,16,14,20,3232
3771,11,17,22,3233
3772,13,14,23,3234
3773,10,15,25,3235
3774,18,20,12,3236
3775,13,18,19,3237
3776,13,21,16,3238
3777,19,16,15,3239
3779,17,16,17,3240
3780,16,14,20,3241
3781,14,19,17,3242
3782,10,19,21,3243
3783,9,21,20,3244
3785,12,11,27,3245
3786,13,18,19,3246
3787,13,12,25,3247
3788,13,11,26,3248
3789,17,17,16,3249
3790,16,18,16,3250
3792,10,12,28,3251
3793,9,21,20,3252
3794,16,10,24,3253
3796,16,17,17,3254
3797,13,21,16,3255
3798,15,15,20,3256
3799,10,16,24,3257
3801,10,22,18,3258
3802,16,14,20,3259
3803,15,17,18,3260
3805,9,21,20,3261
3806,16,16,18,3262
3808,13,17,20,3263
3809,14,17,19,3264
3810,14,20,16,3265
3812,14,15,21,3266
3813,10,15,25,3267
3814,7,20,23,3268
3815,15,13,22,3269
3816,23,12,15,3270
3817,18,9,23,3271
3820,14,17,19,3272
3821,13,15,22,3273
3822,19,12,19,3274
3823,21,11,18,3275
3824,15,12,23,3276
3825,18,15,17,3277
3826,13,15,22,3278
3827,8,18,24,3279
3828,11,16,23,3280
3829,13,16,21,3281
3830,9,18,23,3282
3831,10,17,23,3283
3832,12,20,18,3284
3833,11,18,21,3285
3839,8,15,27,3286
3849,10,13,27,3287
3850,14,12,24,3288
3851,14,16,20,3289
3852,9,13,28,3290
3860,14,16,20,3291
3861,14,21,15,3292
3862,8,20,22,3293
3863,10,24,16,3294
3865,15,19,16,3295
3867,17,18,15,3296
3868,13,19,18,3297
3869,14,11,25,3298
3870,21,13,16,3299
3871,21,16,13,3300
3872,15,16,19,3301
3873,13,13,24,3302
3874,14,15,21,3303
3875,20,12,18,3304
3876,16,17,17,3305
3877,10,15,25,3306
3878,11,21,18,3307
3879,14,20,16,3308
3880,12,15,23,3309
3882,14,19,17,3310
3883,19,19,12,3311
3885,14,18,18,3312
3886,14,12,24,3313
3887,15,14,21,3314
3888,11,19,20,3315
3889,15,15,20,3316
3890,20,17,13,3317
3892,16,15,19,3318
3895,10,15,25,3319
3896,12,16,22,3320
3898,7,11,32,3321
3899,17,17,16,3322
3900,14,13,23,3323
3901,15,14,21,3324
3902,16,15,19,3325
3903,13,23,14,3326
3904,24,17,9,3327
3905,23,15,12,3328
3909,15,18,17,3329
3911,22,10,18,3330
3912,17,15,18,3331
3913,19,13,18,3332
3914,16,18,16,3333
3915,23,15,12,3334
3917,18,9,23,3335
3918,12,16,22,3336
3919,15,18,17,3337
3920,13,16,21,3338
3921,13,13,24,3339
3922,11,21,18,3340
3923,13,17,20,3341
3924,18,12,20,3342
3925,13,16,21,3343
3926,13,18,19,3344
3927,7,18,25,3345
3928,10,18,22,3346
3929,12,17,21,3347
3930,10,19,21,3348
3931,17,21,12,3349
3932,7,20,23,3350
3933,14,19,17,3351
3934,16,17,17,3352
3935,18,11,21,3353
3936,15,15,20,3354
3937,10,23,17,3355
3938,24,12,14,3356
3939,12,18,20,3357
3940,15,18,17,3358
3941,11,17,22,3359
3942,11,21,18,3360
3943,10,27,13,3361
3944,13,14,23,3362
3945,10,16,24,3363
3947,9,21,20,3364
3948,14,17,19,3365
3949,10,19,21,3366
3950,15,17,18,3367
3951,16,17,17,3368
3952,19,16,15,3369
3953,18,16,16,3370
3954,7,27,16,3371
3957,14,11,25,3372
3958,15,12,23,3373
3959,11,18,21,3374
3960,9,19,22,3375
3962,18,17,15,3376
3963,8,19,23,3377
3964,12,18,20,3378
3965,19,15,16,3379
3966,14,13,23,3380
3967,11,23,16,3381
3968,22,19,9,3382
3969,20,11,19,3383
3970,12,15,23,3384
3975,19,14,17,3385
3980,20,9,21,3386
3984,13,18,19,3387
3987,16,19,15,3388
3990,16,11,23,3389
3991,13,18,19,3390
3993,11,15,24,3391
3995,8,19,23,3392
3996,15,14,21,3393
3997,8,22,20,3394
3998,18,13,19,3395
3999,10,13,27,3396
4000,16,16,18,3397
4001,13,14,23,3398
4002,9,14,27,3399
4003,15,18,17,3400
4004,10,12,28,3401
4005,14,15,21,3402
4006,21,14,15,3403
4007,10,14,26,3404
4008,9,23,18,3405
4009,14,12,24,3406
4010,9,20,21,3407
4011,20,22,8,3408
4012,14,16,20,3409
4013,14,20,16,3410
4014,12,18,20,3411
4015,17,19,14,3412
4016,13,17,20,3413
4017,16,19,15,3414
4018,13,19,18,3415
4019,15,16,19,3416
4020,14,20,16,3417
4021,24,10,16,3418
4022,16,12,22,3419
4023,14,11,25,3420
4024,24,13,13,3421
4025,14,15,21,3422
4026,11,13,26,3423
4027,20,13,17,3424
4028,22,15,13,3425
4029,11,17,22,3426
4030,17,16,17,3427
4031,18,16,16,3428
4033,18,13,19,3429
4034,17,15,18,3430
4035,18,14,18,3431
4036,15,19,16,3432
4037,19,17,14,3433
4038,6,23,21,3434
4039,19,19,12,3435
4040,16,20,14,3436
4041,11,19,20,3437
4044,5,16,29,3438
4045,14,16,20,3439
4047,10,20,20,3440
4048,10,14,26,3441
4049,13,16,21,3442
4050,18,12,20,3443
4053,19,15,16,3444
4054,15,14,21,3445
4055,17,14,19,3446
4060,9,22,19,3447
4061,10,16,24,3448
4068,12,18,20,3449
4069,13,15,22,3450
4070,11,15,24,3451
4071,12,13,25,3452
4072,11,17,22,3453
4073,19,13,18,3454
4074,12,18,20,3455
4075,18,14,18,3456
4076,14,17,19,3457
4077,13,20,17,3458
4078,14,19,17,3459
4079,16,16,18,3460
4080,17,8,25,3461
4081,12,16,22,3462
4082,15,16,19,3463
4083,14,16,20,3464
4085,15,18,17,3465
4088,16,10,24,3466
4089,12,17,21,3467
4090,8,21,21,3468
4091,5,25,20,3469
4094,15,17,18,3470
4096,16,15,19,3471
4097,19,15,16,3472
4098,13,10,27,3473
4099,11,13,26,3474
4100,16,17,17,3475
4101,9,16,25,3476
4102,15,13,22,3477
4103,16,17,17,3478
4104,10,17,23,3479
4105,15,15,20,3480
4106,14,17,19,3481
4107,16,18,16,3482
4109,11,20,19,3483
4110,21,16,13,3484
4111,13,16,21,3485
4112,18,15,17,3486
4113,16,13,21,3487
4114,13,18,19,3488
4115,16,18,16,3489
4117,14,18,18,3490
4118,18,20,12,3491
4119,20,13,17,3492
4120,17,12,21,3493
4121,14,22,14,3494
4123,10,18,22,3495
4124,16,18,16,3496
4125,8,19,23,3497
4126,22,12,16,3498
4127,10,17,23,3499
4128,13,15,22,3500
4129,13,15,22,3501
4130,13,15,22,3502
4131,13,23,14,3503
4132,11,19,20,3504
4133,16,16,18,3505
4134,13,12,25,3506
4135,10,18,22,3507
4136,12,17,21,3508
4137,15,15,20,3509
4138,13,18,19,3510
4139,15,15,20,3511
4140,18,17,15,3512
4141,14,20,16,3513
4149,13,15,22,3514
4150,9,18,23,3515
4151,9,16,25,3516
4152,18,16,16,3517
4153,19,13,18,3518
4154,10,17,23,3519
4155,11,15,24,3520
4156,17,16,17,3521
4157,14,20,16,3522
4158,12,21,17,3523
4159,16,14,20,3524
4160,14,21,15,3525
4161,15,22,13,3526
4162,16,14,20,3527
4163,19,15,16,3528
4164,12,19,19,3529
4165,11,21,18,3530
4166,13,17,20,3531
4167,18,13,19,3532
4169,15,15,20,3533
4170,13,18,19,3534
4171,13,16,21,3535
4175,16,14,20,3536
4176,14,13,23,3537
4177,15,9,26,3538
4178,14,19,17,3539
4179,17,13,20,3540
4180,13,20,17,3541
4181,18,18,14,3542
4182,16,21,13,3543
4183,16,17,17,3544
4184,17,15,18,3545
4186,17,13,20,3546
4187,16,17,17,3547
4188,9,18,23,3548
4189,16,14,20,3549
4190,14,20,16,3550
4191,10,16,24,3551
4192,19,14,17,3552
4193,13,18,19,3553
4194,19,13,18,3554
4195,16,13,21,3555
4196,17,12,21,3556
4197,17,16,17,3557
4198,22,16,12,3558
4199,15,21,14,3559
4200,11,17,22,3560
4201,14,10,26,3561
4203,12,20,18,3562
4204,12,20,18,3563
4205,11,12,27,3564
4206,18,14,18,3565
4207,11,14,25,3566
4208,10,18,22,3567
4209,16,17,17,3568
4210,14,17,19,3569
4211,12,16,22,3570
4212,10,19,21,3571
4213,15,15,20,3572
4214,12,23,15,3573
4215,14,14,22,3574
4216,14,22,14,3575
4217,12,20,18,3576
4218,11,20,19,3577
4220,13,14,23,3578
4221,17,9,24,3579
4222,13,22,15,3580
4223,10,14,26,3581
4224,23,11,16,3582
4225,13,20,17,3583
4226,20,17,13,3584
4227,12,11,27,3585
4228,13,17,20,3586
4229,13,15,22,3587
4230,13,20,17,3588
4231,18,15,17,3589
4232,17,20,13,3590
4233,10,17,23,3591
4234,11,12,27,3592
4235,14,14,22,3593
4236,15,15,20,3594
4237,10,23,17,3595
4238,12,16,22,3596
4239,7,19,24,3597
4240,12,17,21,3598
4241,17,18,15,3599
4243,17,15,18,3600
4246,13,14,23,3601
4249,12,19,19,3602
4250,16,16,18,3603
4253,13,16,21,3604
4255,10,15,25,3605
4258,15,14,21,3606
4264,14,16,20,3607
4265,16,13,21,3608
4266,14,17,19,3609
4267,11,18,21,3610
4268,13,20,17,3611
4269,15,12,23,3612
4270,15,17,18,3613
4271,17,16,17,3614
4272,18,10,22,3615
4273,16,18,16,3616
4275,19,20,11,3617
4276,18,18,14,3618
4277,11,21,18,3619
4278,12,21,17,3620
4279,10,15,25,3621
4280,11,16,23,3622
4281,15,18,17,3623
4282,11,21,18,3624
4283,16,13,21,3625
4284,13,19,18,3626
4285,8,17,25,3627
4288,15,19,16,3628
4289,14,16,20,3629
4290,12,18,20,3630
4292,10,18,22,3631
4293,8,19,23,3632
4295,13,16,21,3633
4296,17,17,16,3634
4297,15,12,23,3635
4298,14,17,19,3636
4299,13,14,23,3637
4300,10,14,26,3638
4306,19,13,18,3639
4308,16,14,20,3640
4309,18,14,18,3641
4311,9,16,25,3642
4313,5,21,24,3643
4314,10,20,20,3644
4315,11,21,18,3645
4316,13,21,16,3646
4317,11,23,16,3647
4318,11,9,30,3648
4319,13,14,23,3649
4323,14,20,16,3650
4324,9,20,21,3651
4325,13,17,20,3652
4327,16,16,18,3653
4328,9,17,24,3654
4332,15,18,17,3655
4333,13,19,18,3656
4334,15,18,17,3657
4339,19,15,16,3658
4340,13,20,17,3659
4342,15,21,14,3660
4343,16,15,19,3661
4344,18,14,18,3662
4346,15,16,19,3663
4348,14,21,15,3664
4349,18,14,18,3665
4351,16,17,17,3666
4352,12,16,22,3667
4354,14,18,18,3668
4355,17,14,19,3669
4356,11,24,15,3670
4357,18,16,16,3671
4358,13,19,18,3672
4359,15,15,20,3673
4360,18,12,20,3674
4361,13,15,22,3675
4362,14,20,16,3676
4363,17,20,13,3677
4364,14,13,23,3678
4365,10,17,23,3679
4366,15,15,20,3680
4367,11,15,24,3681
4368,15,18,17,3682
4369,15,10,25,3683
4370,16,18,16,3684
4371,14,22,14,3685
4372,14,13,23,3686
4373,14,17,19,3687
4374,11,18,21,3688
4375,10,16,24,3689
4376,6,18,26,3690
4377,11,15,24,3691
4378,18,13,19,3692
4379,17,16,17,3693
4380,13,22,15,3694
4381,17,12,21,3695
4382,20,11,19,3696
4383,11,19,20,3697
4384,13,14,23,3698
4385,12,13,25,3699
4386,17,13,20,3700
4387,12,18,20,3701
4388,16,12,22,3702
4389,14,15,21,3703
4390,11,22,17,3704
4391,18,12,20,3705
4392,15,14,21,3706
4393,15,19,16,3707
4394,19,16,15,3708
4395,11,15,24,3709
4396,15,18,17,3710
4397,18,16,16,3711
4398,11,19,20,3712
4399,16,18,16,3713
4401,18,18,14,3714
4402,8,23,19,3715
4404,15,13,22,3716
4405,17,16,17,3717
4407,20,11,19,3718
4408,8,22,20,3719
4410,7,21,22,3720
4411,8,14,28,3721
4413,8,14,28,3722
4414,18,13,19,3723
4416,13,18,19,3724
4417,16,14,20,3725
4419,17,17,16,3726
4420,13,13,24,3727
4421,17,12,21,3728
4422,13,15,22,3729
4423,11,17,22,3730
4424,13,17,20,3731
4425,14,20,16,3732
4426,13,17,20,3733
4428,17,20,13,3734
4429,8,17,25,3735
4430,13,20,17,3736
4431,11,18,21,3737
4432,20,16,14,3738
4433,9,20,21,3739
4434,9,16,25,3740
4435,12,17,21,3741
4436,15,20,15,3742
4437,14,17,19,3743
4438,12,22,16,3744
4439,10,22,18,3745
4440,17,14,19,3746
4441,14,17,19,3747
4442,21,12,17,3748
4443,11,23,16,3749
4444,17,13,20,3750
4445,13,17,20,3751
4447,16,15,19,3752
4448,19,18,13,3753
4450,16,17,17,3754
4451,18,13,19,3755
4453,11,22,17,3756
4454,10,17,23,3757
4456,15,11,24,3758
4457,15,18,17,3759
4458,10,23,17,3760
4462,15,17,18,3761
4465,14,14,22,3762
4466,13,14,23,3763
4467,16,14,20,3764
4468,15,17,18,3765
4469,18,18,14,3766
4470,17,11,22,3767
4471,13,20,17,3768
4472,16,14,20,3769
4473,14,13,23,3770
4474,15,15,20,3771
4475,17,16,17,3772
4476,13,15,22,3773
4477,11,22,17,3774
4478,17,15,18,3775
4479,11,11,28,3776
4480,14,14,22,3777
4482,10,16,24,3778
4483,9,19,22,3779
4484,11,18,21,3780
4485,16,18,16,3781
4488,19,11,20,3782
4489,10,15,25,3783
4490,15,14,21,3784
4492,16,19,15,3785
4493,12,24,14,3786
4494,22,12,16,3787
4496,10,21,19,3788
4497,14,19,17,3789
4499,14,11,25,3790
4500,13,21,16,3791
4501,14,10,26,3792
4502,13,15,22,3793
4503,11,17,22,3794
4504,8,24,18,3795
4505,17,17,16,3796
4506,17,17,16,3797
4507,17,10,23,3798
4509,17,14,19,3799
4510,12,20,18,3800
4511,20,14,16,3801
4512,12,17,21,3802
4513,15,14,21,3803
4514,13,16,21,3804
4515,11,22,17,3805
4517,12,23,15,3806
4518,5,22,23,3807
4519,13,22,15,3808
4520,15,21,14,3809
4521,15,18,17,3810
4522,9,21,20,3811
4524,16,11,23,3812
4525,15,12,23,3813
4526,13,17,20,3814
4527,14,16,20,3815
4528,13,16,21,3816
4529,16,15,19,3817
4530,15,16,19,3818
4531,14,10,26,3819
4532,15,13,22,3820
4533,23,12,15,3821
4534,17,15,18,3822
4535,10,23,17,3823
4536,15,13,22,3824
4537,13,17,20,3825
4538,17,14,19,3826
4539,11,21,18,3827
4540,15,13,22,3828
4542,11,18,21,3829
4543,14,13,23,3830
4544,20,14,16,3831
4545,11,17,22,3832
4546,19,17,14,3833
4547,11,21,18,3834
4548,15,16,19,3835
4549,14,23,13,3836
4550,10,14,26,3837
4552,17,16,17,3838
4553,19,12,19,3839
4554,13,18,19,3840
4555,12,15,23,3841
4556,13,19,18,3842
4557,21,10,19,3843
4560,12,17,21,3844
4561,10,19,21,3845
4562,11,18,21,3846
4563,16,16,18,3847
4564,14,12,24,3848
4565,18,12,20,3849
4566,9,18,23,3850
4571,8,22,20,3851
4572,9,18,23,3852
4573,19,15,16,3853
4574,11,21,18,3854
4575,21,13,16,3855
4576,17,17,16,3856
4577,11,17,22,3857
4578,14,22,14,3858
4579,14,19,17,3859
4580,11,14,25,3860
4581,16,15,19,3861
4582,16,16,18,3862
4583,12,15,23,3863
4584,17,13,20,3864
4585,18,15,17,3865
4587,16,18,16,3866
4588,9,22,19,3867
4589,11,19,20,3868
4590,9,17,24,3869
4591,18,14,18,3870
4592,11,16,23,3871
4594,16,20,14,3872
4595,15,20,15,3873
4596,8,20,22,3874
4597,10,26,14,3875
4598,14,17,19,3876
4599,16,17,17,3877
4600,20,17,13,3878
4601,15,22,13,3879
4602,21,12,17,3880
4603,15,18,17,3881
4604,21,16,13,3882
4605,16,18,16,3883
4606,18,12,20,3884
4607,17,24,9,3885
4608,15,16,19,3886
4610,12,16,22,3887
4612,19,18,13,3888
4613,18,11,21,3889
4614,17,17,16,3890
4615,13,19,18,3891
4616,17,14,19,3892
4618,18,14,18,3893
4619,11,20,19,3894
4620,10,18,22,3895
4623,15,17,18,3896
4624,12,18,20,3897
4625,16,16,18,3898
4626,13,18,19,3899
4627,10,12,28,3900
4628,12,15,23,3901
4629,10,23,17,3902
4630,15,16,19,3903
4631,11,14,25,3904
4632,12,20,18,3905
4633,15,18,17,3906
4634,13,19,18,3907
4635,11,13,26,3908
4636,16,20,14,3909
4637,15,16,19,3910
4638,15,11,24,3911
4639,9,18,23,3912
4640,13,17,20,3913
4641,16,17,17,3914
4642,10,14,26,3915
4643,12,18,20,3916
4644,12,13,25,3917
4645,16,12,22,3918
4647,8,16,26,3919
4648,15,19,16,3920
4649,15,13,22,3921
4651,15,18,17,3922
4652,16,15,19,3923
4653,13,13,24,3924
4654,10,16,24,3925
4655,16,15,19,3926
4656,12,21,17,3927
4657,11,15,24,3928
4658,14,18,18,3929
4659,16,17,17,3930
4660,13,13,24,3931
4661,12,15,23,3932
4662,21,19,10,3933
4663,13,18,19,3934
4664,11,17,22,3935
4665,11,20,19,3936
4666,13,20,17,3937
4667,13,18,19,3938
4668,13,18,19,3939
4669,17,18,15,3940
4670,11,17,22,3941
4671,17,10,23,3942
4672,16,20,14,3943
4673,14,13,23,3944
4674,9,17,24,3945
4675,12,17,21,3946
4676,8,18,24,3947
4677,21,9,20,3948
4678,14,11,25,3949
4679,10,23,17,3950
4680,11,16,23,3951
4681,10,20,20,3952
4682,12,13,25,3953
4683,14,20,16,3954
4684,8,23,19,3955
4685,16,14,20,3956
4686,15,17,18,3957
4687,16,11,23,3958
4688,14,17,19,3959
4689,15,11,24,3960
4690,17,14,19,3961
4691,8,20,22,3962
4692,12,14,24,3963
4693,19,14,17,3964
4694,12,23,15,3965
4695,14,13,23,3966
4696,12,19,19,3967
4697,17,12,21,3968
4698,8,17,25,3969
4699,14,16,20,3970
4700,12,23,15,3971
4701,12,16,22,3972
4702,15,17,18,3973
4703,20,11,19,3974
4704,14,20,16,3975
4705,10,26,14,3976
4706,9,18,23,3977
4707,16,20,14,3978
4708,12,17,21,3979
4709,13,14,23,3980
4710,20,13,17,3981
4711,13,13,24,3982
4713,13,14,23,3983
4714,12,16,22,3984
4715,18,21,11,3985
4716,18,14,18,3986
4717,11,17,22,3987
4718,12,14,24,3988
4720,17,14,19,3989
4721,17,15,18,3990
4722,17,18,15,3991
4723,18,11,21,3992
4724,15,14,21,3993
4725,15,17,18,3994
4726,12,16,22,3995
4727,13,11,26,3996
4728,11,17,22,3997
4729,21,12,17,3998
4730,17,15,18,3999
4731,13,16,21,4000
4732,11,18,21,4001
4733,14,16,20,4002
4734,18,22,10,4003
4736,14,14,22,4004
4740,15,16,19,4005
4741,19,13,18,4006
4743,19,15,16,4007
4744,12,19,19,4008
4745,12,22,16,4009
4747,15,15,20,4010
4751,16,17,17,4011
4752,11,20,19,4012
4753,6,22,22,4013
4755,14,14,22,4014
4756,20,9,21,4015
4757,15,15,20,4016
4758,8,17,25,4017
4759,8,14,28,4018
4760,9,10,31,4019
4761,16,14,20,4020
4762,15,15,20,4021
4763,7,25,18,4022
4764,16,14,20,4023
4766,14,15,21,4024
4767,15,13,22,4025
4769,15,19,16,4026
4770,8,23,19,4027
4773,17,15,18,4028
4774,18,13,19,4029
4775,14,13,23,4030
4776,17,15,18,4031
4777,13,15,22,4032
4778,12,19,19,4033
4779,11,21,18,4034
4780,10,15,25,4035
4781,8,17,25,4036
4782,19,14,17,4037
4783,15,13,22,4038
4784,16,14,20,4039
4785,9,17,24,4040
4786,15,15,20,4041
4787,15,19,16,4042
4788,13,23,14,4043
4789,18,15,17,4044
4790,17,15,18,4045
4791,16,16,18,4046
4792,9,20,21,4047
4793,14,14,22,4048
4794,17,14,19,4049
4797,14,18,18,4050
4798,13,12,25,4051
4799,17,14,19,4052
4802,23,18,9,4053
4803,17,20,13,4054
4804,11,18,21,4055
4805,13,22,15,4056
4806,17,13,20,4057
4807,14,12,24,4058
4808,13,18,19,4059
4809,12,16,22,4060
4811,12,20,18,4061
4812,16,14,20,4062
4813,15,18,17,4063
4814,13,20,17,4064
4815,19,10,21,4065
4816,18,17,15,4066
4817,19,13,18,4067
4818,13,20,17,4068
4819,9,25,16,4069
4820,18,20,12,4070
4821,12,18,20,4071
4822,17,16,17,4072
4823,15,17,18,4073
4824,12,19,19,4074
4825,14,20,16,4075
4826,12,17,21,4076
4828,12,18,20,4077
4829,15,21,14,4078
4830,16,15,19,4079
4831,14,15,21,4080
4832,8,17,25,4081
4833,8,23,19,4082
4835,21,11,18,4083
4836,12,14,24,4084
4838,12,23,15,4085
4839,14,16,20,4086
4840,14,21,15,4087
4841,17,18,15,4088
4843,16,18,16,4089
4845,21,13,16,4090
4849,21,13,16,4091
4850,18,17,15,4092
4851,12,20,18,4093
4852,18,16,16,4094
4853,14,22,14,4095
4854,21,15,14,4096
4855,17,18,15,4097
4856,24,15,11,4098
4859,12,13,25,4099
4860,12,22,16,4100
4861,12,20,18,4101
4862,16,13,21,4102
4863,19,16,15,4103
4866,12,20,18,4104
4871,17,12,21,4105
4872,13,23,14,4106
4873,15,22,13,4107
4874,10,23,17,4108
4876,11,21,18,4109
4878,16,15,19,4110
4889,9,18,23,4111
4895,10,18,22,4112
4896,10,19,21,4113
4898,16,14,20,4114
4899,21,12,17,4115
4900,10,16,24,4116
4901,9,20,21,4117
4902,13,17,20,4118
4903,17,14,19,4119
4906,14,9,27,4120
4907,14,13,23,4121
4911,13,14,23,4122
4912,15,19,16,4123
4913,8,17,25,4124
4914,13,16,21,4125
4921,9,20,21,4126
4922,13,16,21,4127
4924,11,20,19,4128
4925,11,19,20,4129
4926,13,14,23,4130
4927,14,19,17,4131
4928,11,24,15,4132
4929,12,16,22,4133
4930,14,14,22,4134
4931,20,16,14,4135
4932,14,13,23,4136
4933,13,19,18,4137
4934,12,23,15,4138
4935,12,16,22,4139
4936,13,22,15,4140
4937,16,13,21,4141
4938,12,12,26,4142
4939,14,16,20,4143
4940,17,16,17,4144
4941,14,14,22,4145
4942,14,20,16,4146
4944,15,20,15,4147
4945,15,14,21,4148
4946,11,16,23,4149
4947,14,15,21,4150
4948,16,10,24,4151
4949,15,18,17,4152
4950,20,15,15,4153
4953,13,20,17,4154
4955,20,17,13,4155
4956,11,9,30,4156
4959,8,21,21,4157
4961,21,9,20,4158
4962,12,21,17,4159
4965,9,19,22,4160
4967,16,13,21,4161
4968,21,14,15,4162
4971,14,18,18,4163
4972,16,10,24,4164
4974,10,18,22,4165
4975,11,20,19,4166
4976,10,17,23,4167
4977,9,17,24,4168
4978,12,18,20,4169
4981,16,18,16,4170
4984,19,16,15,4171
4986,19,10,21,4172
4988,13,14,23,4173
4989,13,17,20,4174
4990,12,11,27,4175
4991,8,18,24,4176
4992,7,17,26,4177
4993,16,15,19,4178
4994,16,16,18,4179
4995,11,13,26,4180
4996,8,19,23,4181
4997,14,12,24,4182
4998,11,15,24,4183
4999,12,15,23,4184
5000,6,25,19,4185
5001,12,22,16,4186
5002,15,16,19,4187
5003,9,16,25,4188
5004,12,18,20,4189
5005,18,18,14,4190
5006,12,20,18,4191
5008,11,14,25,4192
5010,10,19,21,4193
5012,16,14,20,4194
5013,14,14,22,4195
5014,14,16,20,4196
5015,12,13,25,4197
5016,10,24,16,4198
5017,12,13,25,4199
5018,16,13,21,4200
5019,15,12,23,4201
5020,16,12,22,4202
5021,19,12,19,4203
5022,15,18,17,4204
5023,14,21,15,4205
5024,8,22,20,4206
5025,12,24,14,4207
5026,15,15,20,4208
5027,13,17,20,4209
5028,17,13,20,4210
5029,9,17,24,4211
5030,17,14,19,4212
5031,11,19,20,4213
5032,10,18,22,4214
5033,9,16,25,4215
5034,16,20,14,4216
5035,19,15,16,4217
5036,17,15,18,4218
5037,12,20,18,4219
5038,16,21,13,4220
5039,14,16,20,4221
5040,10,15,25,4222
5041,16,10,24,4223
5042,10,15,25,4224
5043,15,20,15,4225
5044,10,22,18,4226
5045,12,14,24,4227
5046,14,20,16,4228
5047,16,10,24,4229
5048,16,12,22,4230
5049,16,13,21,4231
5050,15,11,24,4232
5051,16,17,17,4233
5052,14,13,23,4234
5053,13,18,19,4235
5054,16,16,18,4236
5055,10,21,19,4237
5056,11,22,17,4238
5057,15,22,13,4239
5058,13,17,20,4240
5059,13,19,18,4241
5060,10,20,20,4242
5061,17,16,17,4243
5062,12,18,20,4244
5063,19,9,22,4245
5064,11,20,19,4246
5065,15,21,14,4247
5066,13,20,17,4248
5067,12,20,18,4249
5068,16,10,24,4250
5069,23,15,12,4251
5070,16,13,21,4252
5072,14,19,17,4253
5073,17,13,20,4254
5074,11,15,24,4255
5075,17,16,17,4256
5076,15,12,23,4257
5077,13,21,16,4258
5078,9,18,23,4259
5079,15,11,24,4260
5080,13,18,19,4261
5081,11,12,27,4262
5082,9,15,26,4263
5084,9,21,20,4264
5085,16,16,18,4265
5086,18,20,12,4266
5087,13,19,18,4267
5088,11,23,16,4268
5089,16,12,22,4269
5090,13,17,20,4270
5091,10,22,18,4271
5093,13,17,20,4272
5094,15,18,17,4273
5095,19,13,18,4274
5096,17,15,18,4275
5097,12,16,22,4276
5098,18,13,19,4277
5099,15,24,11,4278
5100,14,15,21,4279
5101,10,21,19,4280
5102,17,16,17,4281
5103,16,10,24,4282
5104,14,14,22,4283
5105,15,12,23,4284
5106,21,11,18,4285
5107,10,21,19,4286
5108,16,15,19,4287
5109,14,19,17,4288
5110,12,17,21,4289
5111,19,12,19,4290
5112,18,12,20,4291
5113,16,17,17,4292
5114,18,16,16,4293
5115,15,14,21,4294
5116,15,13,22,4295
5117,18,14,18,4296
5118,11,15,24,4297
5120,7,20,23,4298
5121,17,13,20,4299
5122,17,12,21,4300
5126,20,16,14,4301
5129,16,17,17,4302
5130,15,19,16,4303
5131,12,20,18,4304
5132,14,19,17,4305
5133,15,16,19,4306
5134,16,14,20,4307
5135,14,17,19,4308
5136,15,13,22,4309
5137,13,15,22,4310
5138,16,19,15,4311
5140,11,20,19,4312
5141,14,17,19,4313
5142,12,17,21,4314
5143,11,16,23,4315
5145,12,16,22,4316
5157,12,17,21,4317
5158,15,21,14,4318
5159,15,14,21,4319
5160,9,17,24,4320
5161,18,21,11,4321
5162,13,17,20,4322
5163,11,23,16,4323
5164,11,20,19,4324
5165,11,19,20,4325
5166,13,19,18,4326
5167,4,22,24,4327
5168,15,13,22,4328
5169,15,10,25,4329
5170,18,16,16,4330
5174,15,18,17,4331
5176,8,19,23,4332
5177,19,10,21,4333
5179,15,14,21,4334
5180,13,15,22,4335
5183,13,19,18,4336
5184,13,15,22,4337
5185,11,18,21,4338
5186,17,15,18,4339
5187,17,17,16,4340
5189,13,16,21,4341
5190,18,10,22,4342
5191,19,19,12,4343
5193,13,16,21,4344
5194,11,22,17,4345
5195,11,15,24,4346
5196,15,13,22,4347
5197,10,21,19,4348
5198,19,13,18,4349
5199,20,12,18,4350
5200,17,13,20,4351
5201,18,14,18,4352
5202,18,14,18,4353
5203,11,18,21,4354
5204,17,17,16,4355
5205,12,17,21,4356
5206,12,18,20,4357
5207,13,10,27,4358
5208,13,21,16,4359
5209,14,12,24,4360
5211,14,12,24,4361
5212,13,23,14,4362
5213,15,21,14,4363
5214,14,24,12,4364
5215,13,15,22,4365
5216,16,17,17,4366
5218,10,18,22,4367
5219,8,21,21,4368
5220,21,14,15,4369
5221,20,18,12,4370
5222,18,16,16,4371
5223,25,11,14,4372
5224,21,15,14,4373
5225,15,22,13,4374
5226,14,15,21,4375
5227,13,19,18,4376
5228,9,20,21,4377
5229,14,14,22,4378
5230,11,20,19,4379
5232,13,19,18,4380
5233,16,18,16,4381
5234,17,12,21,4382
5235,17,17,16,4383
5236,16,17,17,4384
5237,12,18,20,4385
5238,11,20,19,4386
5239,7,18,25,4387
5241,10,17,23,4388
5243,18,15,17,4389
5244,19,13,18,4390
5245,12,16,22,4391
5246,9,21,20,4392
5247,11,19,20,4393
5248,6,26,18,4394
5249,13,17,20,4395
5250,12,15,23,4396
5251,15,16,19,4397
5252,16,20,14,4398
5253,19,13,18,4399
5255,18,13,19,4400
5256,19,12,19,4401
5257,15,15,20,4402
5258,13,24,13,4403
5259,11,19,20,4404
5260,20,15,15,4405
5261,11,17,22,4406
5262,15,20,15,4407
5263,12,19,19,4408
5264,6,19,25,4409
5265,12,17,21,4410
5267,10,16,24,4411
5269,13,14,23,4412
5270,15,15,20,4413
5271,19,15,16,4414
5272,17,19,14,4415
5273,13,16,21,4416
5274,15,19,16,4417
5275,22,12,16,4418
5276,17,12,21,4419
5277,13,18,19,4420
5278,11,16,23,4421
5279,11,24,15,4422
5280,10,13,27,4423
5281,11,19,20,4424
5282,15,14,21,4425
5285,12,17,21,4426
5287,13,14,23,4427
5288,11,16,23,4428
5289,16,18,16,4429
5290,11,22,17,4430
5291,15,16,19,4431
5292,16,16,18,4432
5293,9,21,20,4433
5294,8,19,23,4434
5295,15,14,21,4435
5297,15,19,16,4436
5298,13,18,19,4437
5299,11,18,21,4438
5300,9,21,20,4439
5301,15,13,22,4440
5302,15,14,21,4441
5303,11,18,21,4442
5304,14,20,16,4443
5305,11,15,24,4444
5306,14,18,18,4445
5307,8,17,25,4446
5308,18,16,16,4447
5309,12,21,17,4448
5310,15,20,15,4449
5311,14,14,22,4450
5313,13,15,22,4451
5314,19,17,14,4452
5316,9,13,28,4453
5317,10,17,23,4454
5319,12,21,17,4455
5322,14,16,20,4456
5323,14,15,21,4457
5324,18,14,18,4458
5325,11,21,18,4459
5326,7,16,27,4460
5327,12,21,17,4461
5328,16,16,18,4462
5329,15,18,17,4463
5330,14,18,18,4464
5331,14,20,16,4465
5332,13,19,18,4466
5333,14,18,18,4467
5334,12,18,20,4468
5335,13,16,21,4469
5336,13,14,23,4470
5337,10,20,20,4471
5338,11,20,19,4472
5340,15,12,23,4473
5341,11,17,22,4474
5342,16,16,18,4475
5343,11,19,20,4476
5344,18,12,20,4477
5345,16,16,18,4478
5346,13,20,17,4479
5347,11,16,23,4480
5348,15,17,18,4481
5349,15,12,23,4482
5350,12,16,22,4483
5351,17,11,22,4484
5352,16,17,17,4485
5353,12,16,22,4486
5354,15,12,23,4487
5355,20,9,21,4488
5356,14,15,21,4489
5357,11,17,22,4490
5358,9,20,21,4491
5359,9,17,24,4492
5360,19,13,18,4493
5361,15,14,21,4494
5362,12,16,22,4495
5363,11,19,20,4496
5364,11,16,23,4497
5365,17,16,17,4498
5366,11,15,24,4499
5367,17,12,21,4500
5369,7,19,24,4501
5370,14,19,17,4502
5371,17,16,17,4503
5372,15,12,23,4504
5373,10,16,24,4505
5374,13,17,20,4506
5375,10,18,22,4507
5376,9,18,23,4508
5377,15,16,19,4509
5378,13,16,21,4510
5379,11,16,23,4511
5380,13,19,18,4512
5381,14,14,22,4513
5382,18,13,19,4514
5383,15,19,16,4515
5384,20,17,13,4516
5385,16,18,16,4517
5386,12,13,25,4518
5387,17,18,15,4519
5388,14,16,20,4520
5389,16,14,20,4521
5391,12,20,18,4522
5393,14,19,17,4523
5394,10,19,21,4524
5395,13,19,18,4525
5396,17,14,19,4526
5397,12,22,16,4527
5399,16,9,25,4528
5402,19,14,17,4529
5403,18,12,20,4530
5404,12,17,21,4531
5405,21,16,13,4532
5406,15,19,16,4533
5407,18,15,17,4534
5408,18,17,15,4535
5409,17,14,19,4536
5410,16,20,14,4537
5411,11,21,18,4538
5412,16,14,20,4539
5413,13,19,18,4540
5414,14,15,21,4541
5415,13,15,22,4542
5417,17,21,12,4543
5418,14,14,22,4544
5419,14,21,15,4545
5420,10,21,19,4546
5421,20,19,11,4547
5422,14,17,19,4548
5423,6,25,19,4549
5424,12,21,17,4550
5425,17,21,12,4551
5426,17,18,15,4552
5427,15,13,22,4553
5429,13,20,17,4554
5430,15,15,20,4555
5432,10,23,17,4556
5433,11,19,20,4557
5434,11,17,22,4558
5435,14,14,22,4559
5436,15,14,21,4560
5438,15,17,18,4561
5439,16,17,17,4562
5440,7,16,27,4563
5441,19,13,18,4564
5442,12,16,22,4565
5444,10,19,21,4566
5446,19,17,14,4567
5447,14,19,17,4568
5448,13,16,21,4569
5449,13,18,19,4570
5450,18,14,18,4571
5451,16,16,18,4572
5452,15,12,23,4573
5453,16,17,17,4574
5454,19,14,17,4575
5456,13,20,17,4576
5457,14,13,23,4577
5458,18,17,15,4578
5459,16,8,26,4579
5460,11,19,20,4580
5461,9,18,23,4581
5462,13,22,15,4582
5463,11,18,21,4583
5464,15,14,21,4584
5465,13,18,19,4585
5466,8,19,23,4586
5467,13,23,14,4587
5468,12,19,19,4588
5469,15,18,17,4589
5470,12,17,21,4590
5471,13,13,24,4591
5472,18,14,18,4592
5473,14,19,17,4593
5475,13,20,17,4594
5476,15,19,16,4595
5478,10,17,23,4596
5479,17,17,16,4597
5480,15,18,17,4598
5481,23,13,14,4599
5482,12,14,24,4600
5483,12,19,19,4601
5484,16,16,18,4602
5485,15,16,19,4603
5486,15,17,18,4604
5487,19,15,16,4605
5488,13,14,23,4606
5489,19,10,21,4607
5490,11,18,21,4608
5491,12,20,18,4609
5492,15,11,24,4610
5493,13,12,25,4611
5494,11,15,24,4612
5495,13,17,20,4613
5496,14,16,20,4614
5497,17,10,23,4615
5498,15,15,20,4616
5499,15,15,20,4617
5500,13,19,18,4618
5501,17,17,16,4619
5502,10,17,23,4620
5503,13,16,21,4621
5504,14,13,23,4622
5505,18,22,10,4623
5506,12,15,23,4624
5507,16,13,21,4625
5508,18,16,16,4626
5509,16,18,16,4627
5511,10,20,20,4628
5515,17,12,21,4629
5518,15,18,17,4630
5519,13,14,23,4631
5520,15,17,18,4632
5521,9,22,19,4633
5522,9,24,17,4634
5523,12,17,21,4635
5525,17,13,20,4636
5526,18,13,19,4637
5527,10,18,22,4638
5528,13,17,20,4639
5529,13,18,19,4640
5530,14,16,20,4641
5531,14,20,16,4642
5532,10,21,19,4643
5533,9,21,20,4644
5534,10,17,23,4645
5535,20,13,17,4646
5536,9,19,22,4647
5537,19,17,14,4648
5538,9,19,22,4649
5539,10,23,17,4650
5540,13,11,26,4651
5541,13,18,19,4652
5542,9,18,23,4653
5543,10,21,19,4654
5544,16,15,19,4655
5545,12,18,20,4656
5546,8,23,19,4657
5547,13,18,19,4658
5548,10,19,21,4659
5549,17,16,17,4660
5550,17,18,15,4661
5551,14,11,25,4662
5552,16,14,20,4663
5554,13,17,20,4664
5556,12,11,27,4665
5557,12,15,23,4666
5561,20,10,20,4667
5562,14,13,23,4668
5563,14,17,19,4669
5564,12,19,19,4670
5565,10,17,23,4671
5566,9,14,27,4672
5568,15,13,22,4673
5569,11,17,22,4674
5570,12,14,24,4675
5571,15,15,20,4676
5572,15,19,16,4677
5573,12,16,22,4678
5574,14,17,19,4679
5576,12,15,23,4680
5577,12,8,30,4681
5578,12,17,21,4682
5579,15,16,19,4683
5580,13,16,21,4684
5581,4,26,20,4685
5582,18,13,19,4686
5585,11,17,22,4687
5586,13,13,24,4688
5587,18,8,24,4689
5588,12,21,17,4690
5589,14,16,20,4691
5590,14,14,22,4692
5591,12,22,16,4693
5592,12,17,21,4694
5593,9,18,23,4695
5594,18,17,15,4696
5595,14,17,19,4697
5596,18,21,11,4698
5597,13,19,18,4699
5598,20,11,19,4700
5599,17,20,13,4701
5600,11,15,24,4702
5602,16,14,20,4703
5603,18,15,17,4704
5604,10,23,17,4705
5605,10,23,17,4706
5606,13,19,18,4707
5607,12,17,21,4708
5608,14,20,16,4709
5609,12,11,27,4710
5610,12,20,18,4711
5611,12,20,18,4712
5612,11,18,21,4713
5613,17,15,18,4714
5614,18,13,19,4715
5615,16,22,12,4716
5616,17,17,16,4717
5617,16,15,19,4718
5618,12,18,20,4719
5619,14,14,22,4720
5621,13,19,18,4721
5623,12,18,20,4722
5624,18,14,18,4723
5625,13,15,22,4724
5626,17,15,18,4725
5627,16,14,20,4726
5630,15,17,18,4727
5632,17,6,27,4728
5633,16,11,23,4729
5634,11,16,23,4730
5635,10,23,17,4731
5638,15,14,21,4732
5639,15,14,21,4733
5640,16,17,17,4734
5641,12,22,16,4735
5643,13,16,21,4736
5644,13,15,22,4737
5645,9,16,25,4738
5647,14,14,22,4739
5648,15,14,21,4740
5650,16,18,16,4741
5651,15,16,19,4742
5655,12,19,19,4743
5656,9,14,27,4744
5658,13,16,21,4745
5668,15,21,14,4746
5669,12,18,20,4747
5670,17,14,19,4748
5671,15,17,18,4749
5672,19,14,17,4750
5676,13,17,20,4751
5679,8,19,23,4752
5681,16,13,21,4753
5682,15,12,23,4754
5683,12,13,25,4755
5685,11,14,25,4756
5686,18,12,20,4757
5687,15,15,20,4758
5688,18,15,17,4759
5689,17,16,17,4760
5698,7,20,23,4761
5700,13,20,17,4762
5701,15,15,20,4763
5703,20,7,23,4764
5704,11,21,18,4765
5708,14,16,20,4766
5709,19,16,15,4767
5711,15,16,19,4768
5712,12,18,20,4769
5713,16,13,21,4770
5716,15,15,20,4771
5717,11,19,20,4772
5718,19,15,16,4773
5720,9,18,23,4774
5721,9,13,28,4775
5722,11,18,21,4776
5723,13,15,22,4777
5724,15,21,14,4778
5725,9,19,22,4779
5726,10,17,23,4780
5727,12,20,18,4781
5728,14,15,21,4782
5729,15,15,20,4783
5730,18,19,13,4784
5731,15,20,15,4785
5734,16,14,20,4786
5735,16,15,19,4787
5736,17,16,17,4788
5737,7,18,25,4789
5739,27,11,12,4790
5740,15,17,18,4791
5741,15,20,15,4792
5742,20,14,16,4793
5743,16,17,17,4794
5744,12,18,20,4795
5745,11,17,22,4796
5746,17,15,18,4797
5747,12,19,19,4798
5749,12,14,24,4799
5751,10,21,19,4800
5752,15,14,21,4801
5753,13,15,22,4802
5754,12,18,20,4803
5755,10,17,23,4804
5756,11,18,21,4805
5757,10,12,28,4806
5758,21,11,18,4807
5759,11,19,20,4808
5760,11,12,27,4809
5761,14,16,20,4810
5762,11,14,25,4811
5763,12,14,24,4812
5764,12,18,20,4813
5766,10,20,20,4814
5767,16,14,20,4815
5769,12,22,16,4816
5770,18,13,19,4817
5771,12,24,14,4818
5772,13,17,20,4819
5773,16,17,17,4820
5774,14,15,21,4821
5775,17,16,17,4822
5776,9,22,19,4823
5778,14,16,20,4824
5779,11,21,18,4825
5780,10,17,23,4826
5781,14,14,22,4827
5782,12,12,26,4828
5783,13,16,21,4829
5784,14,14,22,4830
5785,15,16,19,4831
5786,9,19,22,4832
5787,17,10,23,4833
5788,10,23,17,4834
5789,15,18,17,4835
5790,14,17,19,4836
5791,14,17,19,4837
5792,9,18,23,4838
5793,11,22,17,4839
5794,13,17,20,4840
5795,18,16,16,4841
5796,17,21,12,4842
5797,17,14,19,4843
5798,15,12,23,4844
5799,14,10,26,4845
5800,18,20,12,4846
5801,18,14,18,4847
5802,23,14,13,4848
5803,19,16,15,4849
5804,13,18,19,4850
5805,18,15,17,4851
5808,10,17,23,4852
5809,12,13,25,4853
5810,18,13,19,4854
5811,14,15,21,4855
5813,10,16,24,4856
5814,15,24,11,4857
5815,11,22,17,4858
5816,15,19,16,4859
5818,12,20,18,4860
5819,17,18,15,4861
5820,14,16,20,4862
5821,10,17,23,4863
5822,18,14,18,4864
5823,18,17,15,4865
5849,20,13,17,4866
5850,13,11,26,4867
5852,7,26,17,4868
5853,12,22,16,4869
5854,14,16,20,4870
5855,18,18,14,4871
5856,12,18,20,4872
5858,11,14,25,4873
5860,17,17,16,4874
5861,15,15,20,4875
5862,13,16,21,4876
5863,15,16,19,4877
5864,12,21,17,4878
5868,18,16,16,4879
5869,12,20,18,4880
5870,19,16,15,4881
5871,14,19,17,4882
5872,13,12,25,4883
5873,14,17,19,4884
5874,9,20,21,4885
5876,15,13,22,4886
5877,14,23,13,4887
5878,12,16,22,4888
5879,13,16,21,4889
5880,12,23,15,4890
5881,15,21,14,4891
5883,17,14,19,4892
5884,17,17,16,4893
5885,22,14,14,4894
5886,16,15,19,4895
5887,14,19,17,4896
5888,17,7,26,4897
5891,16,14,20,4898
5894,17,14,19,4899
5895,14,14,22,4900
5896,10,20,20,4901
5897,17,15,18,4902
5898,15,19,16,4903
5899,11,20,19,4904
5900,12,21,17,4905
5901,10,18,22,4906
5902,14,15,21,4907
5903,18,16,16,4908
5904,14,12,24,4909
5905,18,16,16,4910
5906,12,17,21,4911
5907,14,17,19,4912
5908,12,21,17,4913
5909,16,10,24,4914
5910,6,18,26,4915
5912,11,22,17,4916
5913,18,18,14,4917
5916,15,15,20,4918
5917,13,16,21,4919
5918,14,14,22,4920
5919,12,18,20,4921
5920,9,22,19,4922
5923,14,17,19,4923
5925,15,15,20,4924
5926,25,13,12,4925
5927,10,23,17,4926
5928,19,14,17,4927
5930,12,11,27,4928
5931,17,16,17,4929
5932,15,17,18,4930
5933,18,19,13,4931
5934,17,21,12,4932
5936,16,15,19,4933
5937,18,16,16,4934
5938,14,20,16,4935
5939,12,16,22,4936
5942,18,16,16,4937
5944,17,16,17,4938
5945,20,11,19,4939
5946,10,21,19,4940
5947,17,17,16,4941
5948,9,18,23,4942
5949,15,16,19,4943
5950,12,17,21,4944
5951,16,14,20,4945
5952,13,18,19,4946
5953,12,16,22,4947
5954,11,18,21,4948
5955,21,18,11,4949
5956,16,13,21,4950
5957,10,16,24,4951
5958,15,15,20,4952
5959,14,16,20,4953
5960,10,23,17,4954
5961,10,17,23,4955
5963,12,22,16,4956
5964,11,19,20,4957
5965,13,20,17,4958
5966,13,16,21,4959
5967,11,15,24,4960
5968,18,18,14,4961
5969,18,13,19,4962
5970,16,14,20,4963
5971,11,14,25,4964
5972,8,17,25,4965
5973,18,16,16,4966
5974,11,14,25,4967
5975,10,20,20,4968
5976,12,17,21,4969
5977,10,20,20,4970
5978,11,19,20,4971
5979,14,15,21,4972
5980,12,17,21,4973
5981,7,21,22,4974
5982,11,20,19,4975
5983,15,12,23,4976
5984,11,17,22,4977
5985,11,15,24,4978
5986,12,19,19,4979
5987,12,26,12,4980
5988,8,18,24,4981
5989,12,19,19,4982
5990,11,23,16,4983
5991,12,15,23,4984
5992,7,24,19,4985
5993,17,20,13,4986
5994,13,16,21,4987
5995,12,23,15,4988
5996,11,22,17,4989
5997,21,15,14,4990
5998,20,17,13,4991
5999,11,14,25,4992
6000,19,13,18,4993
6001,15,11,24,4994
6002,13,21,16,4995
6003,14,17,19,4996
6004,11,17,22,4997
6005,17,20,13,4998
6006,13,20,17,4999
6007,13,22,15,5000
6008,12,17,21,5001
6009,10,22,18,5002
6010,16,18,16,5003
6011,16,15,19,5004
6012,15,15,20,5005
6013,17,14,19,5006
6014,13,17,20,5007
6015,15,20,15,5008
6016,16,12,22,5009
6018,14,20,16,5010
6019,11,20,19,5011
6021,13,17,20,5012
6022,18,11,21,5013
6023,15,13,22,5014
6025,17,14,19,5015
6026,10,19,21,5016
6027,13,24,13,5017
6028,10,21,19,5018
6029,18,16,16,5019
6030,15,19,16,5020
6031,17,19,14,5021
6033,15,12,23,5022
6034,14,15,21,5023
6035,16,18,16,5024
6036,14,16,20,5025
6037,17,15,18,5026
6038,20,13,17,5027
6039,12,20,18,5028
6040,13,18,19,5029
6041,15,16,19,5030
6042,14,17,19,5031
6043,17,12,21,5032
6044,14,14,22,5033
6045,14,17,19,5034
6046,9,22,19,5035
6047,15,19,16,5036
6048,17,12,21,5037
6049,17,17,16,5038
6050,14,20,16,5039
6051,11,19,20,5040
6052,14,19,17,5041
6053,8,15,27,5042
6054,12,19,19,5043
6055,7,25,18,5044
6056,11,23,16,5045
6057,13,16,21,5046
6058,16,14,20,5047
6062,10,27,13,5048
6063,13,14,23,5049
6065,15,22,13,5050
6066,24,11,15,5051
6067,14,20,16,5052
6068,14,15,21,5053
6069,13,19,18,5054
6070,6,17,27,5055
6072,15,16,19,5056
6073,15,11,24,5057
6074,8,14,28,5058
6075,15,17,18,5059
6076,15,14,21,5060
6077,14,17,19,5061
6078,16,16,18,5062
6079,18,14,18,5063
6082,19,15,16,5064
6083,14,11,25,5065
6084,11,17,22,5066
6085,18,11,21,5067
6086,16,19,15,5068
6088,14,18,18,5069
6089,12,14,24,5070
6090,14,17,19,5071
6091,11,14,25,5072
6092,18,17,15,5073
6093,15,14,21,5074
6094,8,18,24,5075
6095,10,22,18,5076
6096,11,20,19,5077
6097,11,24,15,5078
6098,15,19,16,5079
6099,5,21,24,5080
6101,10,16,24,5081
6102,15,24,11,5082
6103,16,19,15,5083
6106,13,16,21,5084
6107,13,16,21,5085
6109,12,20,18,5086
6110,17,12,21,5087
6111,10,9,31,5088
6112,8,14,28,5089
6113,15,15,20,5090
6114,8,16,26,5091
6115,17,15,18,5092
6116,16,22,12,5093
6117,16,16,18,5094
6118,10,20,20,5095
6119,12,16,22,5096
6120,12,19,19,5097
6121,13,13,24,5098
6122,10,18,22,5099
6123,11,18,21,5100
6124,11,18,21,5101
6125,11,19,20,5102
6127,21,16,13,5103
6128,20,14,16,5104
6129,19,16,15,5105
6130,15,15,20,5106
6131,16,13,21,5107
6132,13,18,19,5108
6136,11,17,22,5109
6137,16,15,19,5110
6138,10,22,18,5111
6141,14,14,22,5112
6142,8,17,25,5113
6143,11,14,25,5114
6145,10,18,22,5115
6146,13,22,15,5116
6147,19,16,15,5117
6148,13,19,18,5118
6149,12,18,20,5119
6150,17,14,19,5120
6151,16,18,16,5121
6152,9,18,23,5122
6153,12,18,20,5123
6154,16,20,14,5124
6155,13,17,20,5125
6156,17,22,11,5126
6158,14,20,16,5127
6159,14,19,17,5128
6160,13,15,22,5129
6162,13,18,19,5130
6163,16,17,17,5131
6168,15,14,21,5132
6170,17,14,19,5133
6174,12,17,21,5134
6175,17,15,18,5135
6176,15,23,12,5136
6179,13,15,22,5137
6180,12,19,19,5138
6181,13,17,20,5139
6183,15,14,21,5140
6184,13,14,23,5141
6185,16,12,22,5142
6186,9,15,26,5143
6187,15,17,18,5144
6188,13,17,20,5145
6190,12,14,24,5146
6191,10,12,28,5147
6192,19,19,12,5148
6193,15,13,22,5149
6194,11,17,22,5150
6195,22,13,15,5151
6196,17,17,16,5152
6197,11,21,18,5153
6198,18,15,17,5154
6199,16,17,17,5155
6200,14,22,14,5156
6201,10,14,26,5157
6202,16,14,20,5158
6203,23,13,14,5159
6204,19,12,19,5160
6205,15,17,18,5161
6206,19,19,12,5162
6207,21,10,19,5163
6208,21,17,12,5164
6209,20,16,14,5165
6210,19,15,16,5166
6211,15,18,17,5167
6212,21,14,15,5168
6213,19,15,16,5169
6214,21,15,14,5170
6215,21,12,17,5171
6216,15,19,16,5172
6217,15,13,22,5173
6218,17,16,17,5174
6219,21,14,15,5175
6223,17,18,15,5176
6224,15,18,17,5177
6226,15,20,15,5178
6228,13,17,20,5179
6229,8,21,21,5180
6232,15,15,20,5181
6237,19,16,15,5182
6238,15,13,22,5183
6239,11,18,21,5184
6240,7,23,20,5185
6241,13,17,20,5186
6242,22,12,16,5187
6244,19,16,15,5188
6245,14,17,19,5189
6246,9,23,18,5190
6250,16,15,19,5191
6251,17,19,14,5192
6252,13,19,18,5193
6254,12,18,20,5194
6255,19,9,22,5195
6256,17,15,18,5196
6257,16,18,16,5197
6258,14,23,13,5198
6259,16,19,15,5199
6260,9,17,24,5200
6262,15,18,17,5201
6263,10,16,24,5202
6264,14,15,21,5203
6265,16,17,17,5204
6266,12,14,24,5205
6267,19,18,13,5206
6268,14,14,22,5207
6269,17,15,18,5208
6270,8,22,20,5209
6274,14,16,20,5210
6275,17,14,19,5211
6276,21,12,17,5212
6277,10,16,24,5213
6281,22,10,18,5214
6282,15,16,19,5215
6283,17,16,17,5216
6284,19,17,14,5217
6285,18,15,17,5218
6286,16,18,16,5219
6287,15,21,14,5220
6288,18,13,19,5221
6290,16,16,18,5222
6291,13,21,16,5223
6293,12,21,17,5224
6295,16,15,19,5225
6296,8,15,27,5226
6298,18,17,15,5227
6300,12,15,23,5228
6308,17,16,17,5229
6312,9,16,25,5230
6313,19,15,16,5231
6314,12,17,21,5232
6315,10,16,24,5233
6316,9,15,26,5234
6317,12,14,24,5235
6318,17,17,16,5236
6319,11,15,24,5237
6321,14,22,14,5238
6322,22,11,17,5239
6324,15,16,19,5240
6325,16,17,17,5241
6326,9,21,20,5242
6327,8,14,28,5243
6328,14,16,20,5244
6329,6,18,26,5245
6330,14,15,21,5246
6331,13,16,21,5247
6332,14,14,22,5248
6333,16,16,18,5249
6334,16,15,19,5250
6335,9,25,16,5251
6336,20,14,16,5252
6337,8,24,18,5253
6338,17,18,15,5254
6339,16,15,19,5255
6340,15,17,18,5256
6341,14,15,21,5257
6342,19,10,21,5258
6343,12,12,26,5259
6344,16,18,16,5260
6345,14,18,18,5261
6347,16,11,23,5262
6349,15,15,20,5263
6350,14,17,19,5264
6351,13,17,20,5265
6352,9,19,22,5266
6354,16,13,21,5267
6355,16,18,16,5268
6356,12,20,18,5269
6357,14,12,24,5270
6358,13,13,24,5271
6359,12,16,22,5272
6360,10,16,24,5273
6361,14,8,28,5274
6362,12,23,15,5275
6363,13,21,16,5276
6364,17,18,15,5277
6365,12,21,17,5278
6366,11,16,23,5279
6367,16,15,19,5280
6368,14,17,19,5281
6370,19,15,16,5282
6371,8,20,22,5283
6372,6,22,22,5284
6373,10,15,25,5285
6374,10,13,27,5286
6375,16,15,19,5287
6376,19,13,18,5288
6377,12,20,18,5289
6379,10,21,19,5290
6381,12,19,19,5291
6384,18,17,15,5292
6385,11,20,19,5293
6386,13,20,17,5294
6387,16,16,18,5295
6388,18,13,19,5296
6389,16,19,15,5297
6390,16,16,18,5298
6391,10,23,17,5299
6392,13,15,22,5300
6393,19,8,23,5301
6394,12,13,25,5302
6395,22,14,14,5303
6396,13,15,22,5304
6397,12,14,24,5305
6398,12,16,22,5306
6399,16,14,20,5307
6400,16,16,18,5308
6401,17,16,17,5309
6402,15,25,10,5310
6405,15,19,16,5311
6406,16,17,17,5312
6407,12,22,16,5313
6408,14,22,14,5314
6409,18,14,18,5315
6410,11,19,20,5316
6412,14,19,17,5317
6413,21,11,18,5318
6414,12,15,23,5319
6415,16,17,17,5320
6416,20,14,16,5321
6417,10,19,21,5322
6418,12,16,22,5323
6419,12,23,15,5324
6420,10,17,23,5325
6421,15,15,20,5326
6422,11,20,19,5327
6423,13,12,25,5328
6424,17,15,18,5329
6425,12,18,20,5330
6426,15,20,15,5331
6427,13,14,23,5332
6428,11,14,25,5333
6429,11,13,26,5334
6430,16,16,18,5335
6431,17,9,24,5336
6432,10,19,21,5337
6433,14,20,16,5338
6434,10,28,12,5339
6435,14,19,17,5340
6436,15,12,23,5341
6437,16,18,16,5342
6438,14,18,18,5343
6439,17,14,19,5344
6440,14,16,20,5345
6441,11,11,28,5346
6442,12,12,26,5347
6443,15,20,15,5348
6444,10,22,18,5349
6446,9,21,20,5350
6447,11,15,24,5351
6448,11,18,21,5352
6449,12,14,24,5353
6450,16,18,16,5354
6451,10,17,23,5355
6452,17,11,22,5356
6453,17,18,15,5357
6454,10,12,28,5358
6455,13,21,16,5359
6456,15,15,20,5360
6457,21,12,17,5361
6458,14,16,20,5362
6459,9,21,20,5363
6460,15,18,17,5364
6461,17,8,25,5365
6462,13,17,20,5366
6463,9,20,21,5367
6464,14,19,17,5368
6465,10,20,20,5369
6467,16,15,19,5370
6469,16,19,15,5371
6470,15,15,20,5372
6471,20,13,17,5373
6472,14,13,23,5374
6473,19,16,15,5375
6474,15,13,22,5376
6475,12,15,23,5377
6476,17,21,12,5378
6477,14,15,21,5379
6478,12,19,19,5380
6479,14,19,17,5381
6480,14,17,19,5382
6481,11,19,20,5383
6482,10,20,20,5384
6483,18,16,16,5385
6484,10,17,23,5386
6485,13,17,20,5387
6486,16,16,18,5388
6487,11,19,20,5389
6488,18,13,19,5390
6489,11,21,18,5391
6490,18,12,20,5392
